company_name_kr,ticker,industry,aliases
마이크로컨텍솔,098120,전기·전자,"(주)마이크로컨텍솔루션, Micro Contact Solution Co.,Ltd."
포스코엠텍,009520,금속,"(주)포스코엠텍, POSCO M-TECH CO.,LTD."
AJ네트웍스,095570,일반서비스,"AJ네트웍스보통주, AJ Networks Co.,Ltd."
AK홀딩스,006840,기타금융,"AK홀딩스보통주, AK Holdings, Inc."
BGF리테일,282330,유통,"BGF리테일보통주, BGF Retail"
BGF,027410,기타금융,"BGF보통주, BGF"
BNK금융지주,138930,기타금융,"BNK금융지주보통주, BNK Financial Group Inc."
BYC우,001465,섬유·의류,"BYC1우선주, BYC(1P)"
BYC,001460,섬유·의류,"BYC보통주, BYC"
CJ우,001045,기타금융,"CJ1우선주, CJ(1P)"
CJ4우(전환),00104K,기타금융,"CJ4우선주(전환), CJ(4PC)"
CJ,001040,기타금융,"CJ보통주, CJ Corp."
CJ씨푸드1우,011155,음식료·담배,"CJ씨푸드1우선주, CJSEAFOODCORPORATION(1P)"
CJ씨푸드,011150,음식료·담배,"CJ씨푸드보통주, CJSEAFOODCORPORATION"
CMG제약,058820,제약,"CMG제약, CMG Pharmaceutical Co., Ltd."
CS홀딩스,000590,기타금융,"CS홀딩스보통주, CSHOLDINGS"
DB,012030,IT 서비스,"DB Inc.보통주, DB Inc."
DB손해보험,005830,보험,"DB손해보험보통주, DB INSURANCE"
DB증권,016610,증권,"DB증권보통주, DB Securities"
DB하이텍,000990,전기·전자,"DB하이텍보통주, DB HiTek Co.,LTD"
DI동일,001530,유통,"DI동일보통주, DI DONGIL"
DL우,000215,화학,"DL1우선주, DL(1P)"
DL,000210,화학,"DL보통주, DL"
DL이앤씨우,37550K,건설,"DL이앤씨1우선주, DL E&C CO., LTD.(1P)"
DL이앤씨2우(전환),37550L,건설,"DL이앤씨2우선주(전환), DL E&C(2PC)"
DL이앤씨,375500,건설,"DL이앤씨보통주, DL E&C CO., LTD."
DSR,155660,금속,"DSR보통주, DSR CORP"
DSR제강,069730,금속,"DSR제강보통주, DSRWIRECORP"
DS단석,017860,화학,"DS단석보통주, DS Dansuk"
E1,017940,유통,"E1보통주, E1Corporation"
ESR켄달스퀘어리츠,365550,부동산,"ESR켄달스퀘어리츠보통주, ESR KENDALL SQUARE REIT"
ES큐브,050120,유통,"ES큐브, ES CUBE"
F&F,383220,섬유·의류,"F&F보통주, F&F"
F&F홀딩스,007700,기타금융,"F&F홀딩스, F&F Holdings"
GS우,078935,기타금융,"GS1우선주, GS Holdings(1P)"
GS건설,006360,건설,"GS건설보통주, GS Engineering & Construction Corp"
GS,078930,기타금융,"GS보통주, GS Holdings"
HDC,012630,기타금융,"HDC보통주, HDC HOLDINGS CO.,Ltd"
HDC현대산업개발,294870,건설,"HDC현대산업개발보통주, HYUNDAI DEVELOPMENT COMPANY"
HJ중공업,097230,건설,"HJ중공업보통주, HJ SHIPBUILDING & CONSTRUCTION"
HL D&I,014790,건설,"HL D&I보통주, HL D&I HALLA CORPORATION"
HLB이노베이션,024850,전기·전자,"HLB이노베이션, HLB innoVation"
HL만도,204320,운송장비·부품,"HL만도보통주, HL Mando"
HL홀딩스,060980,기타금융,"HL홀딩스보통주, HL Holdings Corporation"
HS애드,035000,일반서비스,"HS애드보통주, HS Ad"
IHQ,003560,오락·문화,"IHQ보통주, IHQ"
INVENI,015360,일반서비스,"INVENI보통주, INVENI"
JB금융지주,175330,기타금융,"JB금융지주보통주, JB Financial Group Co., Ltd."
JW생명과학,234080,제약,"JW생명과학보통주, JW LIFESCIENCE"
JW중외제약우,001065,제약,"JW중외제약1우선주, JWPHARMACEUTICAL(1P)"
JW중외제약2우B,001067,제약,"JW중외제약2우선주(신형), JWPHARMACEUTICAL(2PB)"
JW중외제약,001060,제약,"JW중외제약보통주, JWPHARMACEUTICAL"
JW홀딩스,096760,기타금융,"JW홀딩스 보통주, JW HOLDINGS CORPORATION"
KB금융,105560,기타금융,"KB금융지주 보통주, KB Financial Group"
KB스타리츠,432320,부동산,"KB스타리츠보통주, KB STAR REIT"
KB오토시스,024120,운송장비·부품,"KB오토시스, KB Autosys Co.,Ltd"
KCTC,009070,운송·창고,"KCTC 보통주, KCTC"
KD,044180,건설,"KD, KD Corporation"
KG모빌리티,003620,운송장비·부품,"KG모빌리티보통주, KG Mobility"
KG스틸,016380,금속,"KG스틸보통주, KG DONGBUSTEEL"
KG케미칼,001390,화학,"KG케미칼보통주, KG Chemical"
KH 필룩스,033180,전기·전자,"KH 필룩스보통주, KH FEELUX Co.,Ltd."
KISCO홀딩스,001940,금속,"KISCO홀딩스보통주, KISCO Holdings"
KPX케미칼,025000,화학,"KPX케미칼보통주, KPXCHEMICAL"
KPX홀딩스,092230,화학,"KPX홀딩스보통주, KPXHOLDINGS"
KR모터스,000040,운송장비·부품,"KR모터스보통주, KR MOTORS"
LF,093050,섬유·의류,"LF보통주, LF"
LG우,003555,기타금융,"LG1우선주, LG Corp.(1P)"
LG디스플레이,034220,전기·전자,"LG디스플레이보통주, LG Display"
LG,003550,기타금융,"LG보통주, LG Corp."
LG생활건강우,051905,화학,"LG생활건강1우선주, LG H&H(1P)"
LG생활건강,051900,화학,"LG생활건강보통주, LG H&H"
LG에너지솔루션,373220,전기·전자,"LG에너지솔루션보통주, LG Energy Solution"
LG유플러스,032640,통신,"LG유플러스보통주, LG Uplus"
LG이노텍,011070,전기·전자,"LG이노텍보통주, LG Innotek"
LG전자우,066575,전기·전자,"LG전자1우선주, LGELECTRONICS(1P)"
LG전자,066570,전기·전자,"LG전자보통주, LGELECTRONICS"
LG화학우,051915,화학,"LG화학1우선주, LGCHEM,LTD(1P)"
LG화학,051910,화학,"LG화학보통주, LGCHEM,LTD"
LIG넥스원,079550,금속,"LIG넥스원보통주, LIG Nex1 Co., Ltd."
LS ELECTRIC,010120,전기·전자,"LS ELECTRIC보통주, LS ELECTRIC"
LS네트웍스,000680,유통,"LS네트웍스보통주, LSNetworks"
LS,006260,기타금융,"LS보통주, LS"
LS에코에너지,229640,기타금융,"LS에코에너지보통주, LS Eco Energy"
LX세미콘,108320,전기·전자,"LX세미콘보통주, LX Semicon"
LX인터내셔널,001120,유통,"LX인터내셔널보통주, LX INTERNATIONAL CORP."
MDS테크,086960,IT 서비스,"MDS테크, MDS Tech"
MH에탄올,023150,음식료·담배,"MH에탄올보통주, MHETHANOL"
NAVER,035420,IT 서비스,"NAVER보통주, NAVER"
NHN,181710,IT 서비스,"NHN보통주, NHN"
NH프라임리츠,338100,부동산,"NH프라임리츠보통주, NH Prime REIT"
NICE,034310,일반서비스,"NICE보통주, NICEHoldings"
NICE인프라,063570,일반서비스,"NICE인프라, NICE Infra"
NI스틸,008260,금속,"NI스틸보통주, NI STEEL"
NPC우,004255,화학,"NPC1우선주, NPC(1P)"
NPC,004250,화학,"NPC보통주, NPC"
OCI,456040,화학,"OCI보통주, OCI"
S-Oil우,010955,화학,"S-Oil1우선주, S-Oil(1P)"
S-Oil,010950,화학,"S-Oil보통주, S-OilCorporation"
SGC에너지,005090,전기·가스,"SGC에너지보통주, SGC Energy"
SG글로벌,001380,운송장비·부품,"SG글로벌보통주, SG GLOBAL"
SHD,001770,금속,"SHD보통주, SHIN HWA DYNAMICS"
SH에너지화학,002360,화학,"SH에너지화학보통주, SH ENERGY & CHEMICAL"
SIMPAC,009160,금속,"SIMPAC보통주, SIMPACInc"
SJM,123700,운송장비·부품,"SJM보통주, SJM CO.,LTD"
SJM홀딩스,025530,유통,"SJM홀딩스보통주, SJM HOLDINGS"
SK우,03473K,기타금융,"SK1우선주, SK(1P)"
SKC,011790,화학,"SKC보통주, SKC"
SK가스,018670,유통,"SK가스보통주, SKGas"
SK네트웍스,001740,유통,"SK네트웍스보통주, SKNetworksCo.,Ltd"
SK디앤디,210980,부동산,"SK디앤디보통주, SK D&D Co., Ltd"
SK리츠,395400,부동산,"SK리츠보통주, SK REIT"
SK,034730,기타금융,"SK보통주, SK"
SK스퀘어,402340,기타금융,"SK스퀘어보통주, SKSQUARE"
SK아이이테크놀로지,361610,전기·전자,"SK아이이테크놀로지보통주, SK ie technology"
SK오션플랜트,100090,금속,"SK오션플랜트보통주, SKoceanplant"
SK이노베이션우,096775,화학,"SK이노베이션 1우선주, SK Innovation(1P)"
SK이노베이션,096770,화학,"SK이노베이션 보통주, SK Innovation"
SK증권우,001515,증권,"SK증권1우선주, SKSecurities(1P)"
SK증권,001510,증권,"SK증권보통주, SKSecurities"
SK케미칼우,28513K,화학,"SK케미칼1우선주, SKCHEMICALS(1P)"
SK케미칼,285130,화학,"SK케미칼보통주, SKCHEMICALS"
SK텔레콤,017670,통신,"SK텔레콤보통주, SKTelecom"
SNT다이내믹스,003570,운송장비·부품,"SNT다이내믹스보통주, SNT DYNAMICS"
SNT모티브,064960,운송장비·부품,"SNT모티브보통주, SNT MOTIV"
SNT에너지,100840,기계·장비,"SNT에너지보통주, SNTEnergy Co.,Ltd."
SNT홀딩스,036530,기타금융,"SNT홀딩스보통주, SNT Holdings"
SPC삼립,005610,음식료·담배,"SPC삼립보통주, SPC SAMLIP"
STX그린로지스,465770,운송·창고,"STX그린로지스보통주, STX Green Logis"
STX,011810,유통,"STX보통주, STX"
STX엔진,077970,기계·장비,"STX엔진보통주, STXEngineCo.,Ltd"
TBH글로벌,084870,섬유·의류,"TBH글로벌보통주, TBH GLOBAL"
TCC스틸,002710,금속,"TCC스틸보통주, TCC STEEL"
WISCOM,024070,화학,"WISCOM보통주, WISCOM"
가비아,079940,IT 서비스,"가비아, GABIA, Inc."
가온그룹,078890,전기·전자,"가온그룹, KAON Group"
가온전선,000500,전기·전자,"가온전선보통주, GAONCABLE"
가온칩스,399720,전기·전자,"가온칩스, GAONCHIPS CO., LTD."
감성코퍼레이션,036620,유통,"감성코퍼레이션, GAMSUNG Corporation"
강남제비스코,000860,화학,"강남제비스코보통주, KANGNAM JEVISCO"
강동씨앤엘,198440,비금속,"강동씨앤엘, KANGDONG C&L"
강스템바이오텍,217730,제약,"강스템바이오텍, KANGSTEM BIOTECH CO., LTD."
강원랜드,035250,오락·문화,"강원랜드보통주, Kangwon Land, Inc."
강원에너지,114190,전기·전자,"강원에너지, KANGWON ENERGY"
갤럭시아머니트리,094480,IT 서비스,"갤럭시아머니트리, GalaxiaMoneytree Co.,Ltd."
갤럭시아에스엠,011420,오락·문화,"갤럭시아에스엠보통주, GALAXIA SM"
경남스틸,039240,금속,"경남스틸, Kyeong Nam Steel Co., LTD"
경남제약,053950,제약,"경남제약, KYUNG NAM PHARM.CO.,LTD."
경농,002100,화학,"경농보통주, Kyungnong"
경동나비엔,009450,전기·전자,"경동나비엔보통주, KYUNGDONGNAVIEN"
경동도시가스,267290,전기·가스,"경동도시가스보통주, KYUNGDONG CITY GAS"
경동인베스트,012320,기타금융,"경동인베스트보통주, KYUNGDONG INVEST"
경동제약,011040,제약,"경동제약, KyungdongPharm"
경방,000050,유통,"경방보통주, Kyungbang"
경보제약,214390,제약,"경보제약보통주, KYONGBO PHARMACEUTICAL CO., LTD."
경인양행,012610,화학,"경인양행보통주, KyunginSynthetic"
경인전자,009140,전기·전자,"경인전자보통주, KyunginElectronics"
경창산업,024910,운송장비·부품,"경창산업, KyungchangIndustrial"
계룡건설,013580,건설,"계룡건설산업보통주, KyeryongConstructionIndustrial"
계양전기우,012205,기계·장비,"계양전기1우선주, KeyangElectricMachinery(1P)"
계양전기,012200,기계·장비,"계양전기보통주, KeyangElectricMachinery"
고려산업,002140,음식료·담배,"고려산업보통주, KoreaIndustrial"
고려신용정보,049720,일반서비스,"고려신용정보, KORYO CREDIT INFORMATION CO., LTD."
고려아연,010130,금속,"고려아연보통주, KoreaZinc"
고려제강,002240,금속,"고려제강보통주, KISWire"
고려제약,014570,제약,"고려제약, KOREAN DRUG CO., LTD."
고바이오랩,348150,일반서비스,"고바이오랩, KoBioLabs, Inc"
고스트스튜디오,950190,IT 서비스,"고스트스튜디오, GHOST STUDIO"
고영,098460,기계·장비,"고영테크놀러지, Koh Young Technology Inc."
골드앤에스,035290,오락·문화,"골드앤에스, Gold&S"
골프존,215000,IT 서비스,"골프존, GOLFZON Co., Ltd."
골프존홀딩스,121440,유통,"골프존홀딩스, GOLFZON HOLDINGS"
공구우먼,366030,섬유·의류,"공구우먼, 09women Co., Ltd."
광동제약,009290,제약,"광동제약보통주, KwangdongPharmaceutical"
광림,014200,운송장비·부품,"광림, KANGLIM Co., LTD."
광명전기,017040,전기·전자,"광명전기보통주, KWANG MYUNG ELECTRIC"
광무,029480,전기·전자,"광무, Kwangmu"
광전자,017900,전기·전자,"광전자보통주, AUK"
광주신세계,037710,유통,"광주신세계보통주, GwangjuShinsegae"
광진실업,026910,금속,"광진실업, KwangjinInd"
교보14호스팩,456490,금융,"교보14호기업인수목적, Kyobo 14 Special Purpose Acquisition Company"
교보15호스팩,465320,금융,"교보15호기업인수목적, Kyobo 15 Special Purpose Acquisition Company"
교보16호스팩,482520,금융,"교보16호기업인수목적, Kyobo 16 Special Purpose Acquisition Company"
교보17호스팩,489210,금융,"교보17호기업인수목적, Kyobo 17 Special Purpose Acquisition Company"
교보18호스팩,0041B0,금융,"교보18호기업인수목적, Kyobo 18 Special Purpose Acquisition Company"
교보증권,030610,증권,"교보증권보통주, KYOBOSECURITIESCO.,LTD."
교촌에프앤비,339770,유통,"교촌에프앤비보통주, KYOCHON FOOD&BEVERAGE"
구영테크,053270,운송장비·부품,"구영테크, GUYOUNG TECHNOLOGY"
국도화학,007690,화학,"국도화학보통주, KukdoChemical"
국보디자인,066620,건설,"국보디자인, KUKBO DESIGN"
국보,001140,운송·창고,"국보보통주, KUKBO"
국순당,043650,음식료·담배,"국순당, KOOK SOON DANG CO., LTD."
국영지앤엠,006050,비금속,"국영지앤엠, KUK YOUNG G&M"
국일신동,060480,금속,"국일신동, KUKIL METAL CO., LTD"
국일제지,078130,종이·목재,"국일제지, KUK-IL PAPER MFG CO.,LTD"
국전약품,307750,제약,"국전약품, KUKJEON PHARMACEUTICAL Co.,Ltd"
국제약품,002720,제약,"국제약품보통주, Kukje Pharma"
그래디언트,035080,유통,"그래디언트, Gradiant"
그래피,318060,화학,"그래피, Graphy Inc."
GKL,114090,오락·문화,"그랜드코리아레저보통주, Grand Korea Leisure"
GRT,900290,금융,"그레이트리치과기유한공사, Great Rich Technologies Limited"
그리드위즈,453450,일반서비스,"그리드위즈, Gridwiz Co.,Ltd"
그리티,204020,섬유·의류,"그리티, GRITEE, Inc."
그린광학,0015G0,의료·정밀기기,"그린광학, Green Optics Co.,Ltd."
그린리소스,402490,전기·전자,"그린리소스, Green Resource Co.,Ltd"
그린생명과학,114450,제약,"그린생명과학, GREEN LIFESCIENCE"
그린케미칼,083420,화학,"그린케미칼보통주, GREEN CHEMICAL"
그린플러스,186230,금속,"그린플러스, GREEN PLUS Co., Ltd"
극동유화,014530,화학,"극동유화보통주, KukdongOil&Chem."
GST,083450,기계·장비,"글로벌스탠다드테크놀로지, Global Standard Technology Co., Ltd."
글로벌에스엠,900070,금융,"글로벌에스엠테크리미티드, Global SM Tech Limited"
글로벌텍스프리,204620,금융,"글로벌텍스프리, Global Tax Free Co., Ltd."
글로본,019660,유통,"글로본, GLOBON CO., LTD."
금강공업우,014285,금속,"금강공업1우선주, KUMKANG KIND(1P)"
금강공업,014280,금속,"금강공업보통주, KUMKANG KIND"
금강철강,053260,금속,"금강철강, KEUM KANG STEEL CO., LTD"
금비,008870,비금속,"금비보통주, Kumbi"
금양그린파워,282720,건설,"금양그린파워, KUMYANG GREEN POWER CO., Ltd."
금양,001570,화학,"금양보통주, Kumyang"
금호건설우,002995,건설,"금호건설1우선주, KUMHOE&C(1P)"
금호건설,002990,건설,"금호건설보통주, KUMHOE&C"
금호석유화학우,011785,화학,"금호석유화학1우선주, KumhoPetrochemical(1P)"
금호석유화학,011780,화학,"금호석유화학보통주, KumhoPetrochemical"
금호에이치티,214330,운송장비·부품,"금호에이치티보통주, Kumho HT, Inc."
금호전기,001210,전기·전자,"금호전기보통주, KumhoElectric"
금호타이어,073240,화학,"금호타이어보통주, KUMHOTIRECO.,INC"
금화피에스시,036190,건설,"금화피에스시, GEUMHWA PSC CO.,LTD."
기가레인,049080,전기·전자,"기가레인, GIGALANE Co., Ltd."
기가비스,420770,기계·장비,"기가비스, GigaVis Co., Ltd."
기산텔레콤,035460,전기·전자,"기산텔레콤, Kisan Telecom CO.,Ltd"
기신정기,092440,기계·장비,"기신정기 보통주, KISHIN CORPORATION"
기아,000270,운송장비·부품,"기아보통주, KIA CORPORATION"
까뮤이앤씨,013700,건설,"까뮤이앤씨보통주, CAMUS ENGINEERING & CONSTRUCTION Inc."
깨끗한나라우,004545,종이·목재,"깨끗한나라1우선주, KleanNara(1P)"
깨끗한나라,004540,종이·목재,"깨끗한나라보통주, KleanNara"
꿈비,407400,기타제조,"꿈비, GGUMBI Inc."
나노,187790,화학,"나노, NANO. Co., Ltd."
나노신소재,121600,화학,"나노신소재, Advanced Nano Products Co.,Ltd"
나노실리칸첨단소재,286750,화학,"나노실리칸첨단소재, NanoSilikhan Advanced Materials"
나노씨엠에스,247660,전기·전자,"나노씨엠에스, NANOCMS CO.,LTD"
나노엔텍,039860,의료·정밀기기,"나노엔텍, NanoenTek,Inc."
나노캠텍,091970,화학,"나노캠텍, Nano Chem Tech Inc."
나노팀,417010,기계·장비,"나노팀, NanoTIM Co. Ltd."
나라셀라,405920,유통,"나라셀라, NARA CELLAR Co.,Ltd."
나라엠앤디,051490,기계·장비,"나라엠앤디, NARA MOLD & DIE CO., LTD."
나래나노텍,137080,기계·장비,"나래나노텍, NARAE NANOTECH CORPORATION"
나무가,190510,전기·전자,"나무가, Namuga Co.,Ltd"
나무기술,242040,IT 서비스,"나무기술, NAMU TECH CO.,LTD."
나우로보틱스,459510,기계·장비,"나우로보틱스, NAUROBOTICS Co., Ltd."
나우IB,293580,금융,"나우아이비캐피탈, NAU IB Capital"
나이벡,138610,제약,"나이벡, NIBEC CO., LTD."
나이스디앤비,130580,일반서비스,"나이스디앤비, NICE D&B CO., LTD."
나이스정보통신,036800,통신,"나이스정보통신, NICE INFORMATION&TELECOMMUNICATION INC."
NICE평가정보,030190,IT 서비스,"나이스평가정보보통주, NICE Information Service"
나인테크,267320,기계·장비,"나인테크, Naintech. CO.,LTD."
남광토건,001260,건설,"남광토건보통주, NamkwangEngineering&Construction"
남선알미우,008355,금속,"남선알미늄1우선주, NamsunAluminium(1P)"
남선알미늄,008350,금속,"남선알미늄보통주, NamsunAluminium"
남성,004270,유통,"남성보통주, Namsung"
남양유업우,003925,음식료·담배,"남양유업1우선주, NamyangDairyProducts(1P)"
남양유업,003920,음식료·담배,"남양유업보통주, NamyangDairyProducts"
남해화학,025860,화학,"남해화학보통주, NamhaeChemical"
남화산업,111710,오락·문화,"남화산업, Namhwa Industrial Co.,Ltd"
남화토건,091590,건설,"남화토건, Nam Hwa Construction Company, Limited"
내츄럴엔도텍,168330,일반서비스,"내츄럴엔도텍, Naturalendo Tech Co., Ltd"
네오리진,094860,IT 서비스,"네오리진, NEORIGIN"
네오셈,253590,기계·장비,"네오셈, Neosem Inc."
네오오토,212560,운송장비·부품,"네오오토, NEOOTO Co., Ltd."
네오위즈,095660,IT 서비스,"네오위즈, NEOWIZ"
네오위즈홀딩스,042420,IT 서비스,"네오위즈홀딩스, NEOWIZ HOLDINDS Corporation"
네오이뮨텍,950220,일반서비스,"네오이뮨텍, NeoImmuneTech, Inc."
네오크레마,311390,음식료·담배,"네오크레마, Neo Cremar Co., Ltd."
네오티스,085910,운송장비·부품,"네오티스, NEO TECHNICAL SYSTEM CO., LTD"
네오팜,092730,화학,"네오팜, Neopharm CO., LTD."
네오펙트,290660,의료·정밀기기,"네오펙트, NEOFECT Co.,Ltd"
네온테크,306620,기계·장비,"네온테크, Neontech Co., Ltd."
네이블,153460,IT 서비스,"네이블, Nable"
네이처셀,007390,제약,"네이처셀, NATURECELL CO.,LTD."
네패스,033640,전기·전자,"네패스, NEPES Corporation"
네패스아크,330860,일반서비스,"네패스아크, Nepes Ark Corporation"
넥사다이내믹스,351320,기계·장비,"넥사다이내믹스, Nexa Dynamics"
넥센우,005725,화학,"넥센1우선주, NEXEN(1P)"
넥센,005720,화학,"넥센보통주, NEXEN"
넥센타이어1우B,002355,화학,"넥센타이어1우선주(신형), NEXENTIRE(1PB)"
넥센타이어,002350,화학,"넥센타이어보통주, NEXENTIRE"
넥스턴앤롤코리아,089140,기계·장비,"넥스턴앤롤코리아, NEXTURN&ROLLKOREA"
넥스트바이오메디컬,389650,의료·정밀기기,"넥스트바이오메디컬, NEXTBIOMEDICAL CO., LTD."
넥스트아이,137940,의료·정밀기기,"넥스트아이, NextEye Co., Ltd."
NEW,160550,오락·문화,"넥스트엔터테인먼트월드, Next Entertainment World Co., Ltd."
넥스트칩,396270,전기·전자,"넥스트칩, NEXTCHIP Co., Ltd."
넥스틴,348210,기계·장비,"넥스틴, NEXTIN Inc."
넥스틸,092790,금속,"넥스틸보통주, NEXTEEL"
넥슨게임즈,225570,IT 서비스,"넥슨게임즈, NEXON Games"
넥써쓰,205500,IT 서비스,"넥써쓰, NEXUS"
넵튠,217270,IT 서비스,"넵튠, Neptune Company"
넷마블,251270,IT 서비스,"넷마블보통주, Netmarble Corporation"
노랑풍선,104620,일반서비스,"노랑풍선, Yellow Balloon Tour Co., Ltd."
노루페인트우,090355,화학,"노루페인트 1우선주, NOROO PAINT(1P)"
노루페인트,090350,화학,"노루페인트 보통주, NOROO PAINT"
노루홀딩스우,000325,기타금융,"노루홀딩스1우선주, NorooHoldings(1P)"
노루홀딩스,000320,기타금융,"노루홀딩스보통주, NorooHoldings"
노머스,473980,오락·문화,"노머스, Knowmerce Corp."
노바렉스,194700,음식료·담배,"노바렉스, NOVAREX Co., Ltd."
노바텍,285490,기타제조,"노바텍, NOVATECH"
노브랜드,145170,섬유·의류,"노브랜드, Nobland International Inc."
노블엠앤비,106520,의료·정밀기기,"노블엠앤비, Noble M&B"
노을,376930,의료·정밀기기,"노을, Noul Co., Ltd."
노타,486990,IT 서비스,"노타, Nota Inc."
녹십자,006280,제약,"녹십자보통주, Green Cross Corporation"
녹십자엠에스,142280,제약,"녹십자엠에스, Green Cross Medical Science Corporation"
녹십자웰빙,234690,제약,"녹십자웰빙, GREEN CROSS WellBeing Corporation"
녹십자홀딩스2우,005257,일반서비스,"녹십자홀딩스2우선주(신형), Green Cross Holdings Corporation(2PB)"
녹십자홀딩스,005250,일반서비스,"녹십자홀딩스보통주, Green Cross Holdings Corporation"
농심,004370,음식료·담배,"농심보통주, Nongshim"
농심홀딩스,072710,기타금융,"농심홀딩스보통주, NongshimHoldings"
아시아종묘,154030,"농업, 임업 및 어업","농업회사법인 아시아종묘, ASIA SEED Co.,Ltd."
농우바이오,054050,"농업, 임업 및 어업","농업회사법인 엔에이치농우바이오, NH NONGWOOBIO"
우듬지팜,403490,음식료·담배,"농업회사법인 우듬지팜, WooDeumGee Farm Co., Ltd"
누리플랜,069140,금속,"누리플랜, Nuriplan Co., Ltd"
누리플렉스,040160,IT 서비스,"누리플렉스, NuriFlex"
누보,332290,화학,"누보, NOUSBO"
뉴로메카,348340,기계·장비,"뉴로메카, Neuromeka Co., Ltd."
뉴로핏,380550,IT 서비스,"뉴로핏, NEUROPHET Inc."
뉴보텍,060260,화학,"뉴보텍, NUVOTEC Co., Ltd"
뉴엔AI,463020,IT 서비스,"뉴엔에이아이, NEWEN AI"
뉴온,123840,음식료·담배,"뉴온, NUON"
뉴인텍,012340,운송장비·부품,"뉴인텍, NUIN TEK CO., LTD"
뉴키즈온,462310,섬유·의류,"뉴키즈온, New Kids On Co.,Ltd."
뉴트리,270870,음식료·담배,"뉴트리, Newtree Co., Ltd."
뉴파워프라즈마,144960,기계·장비,"뉴파워프라즈마, New Power Plasma Co.,Ltd"
뉴프렉스,085670,전기·전자,"뉴프렉스, NEWFLEX TECHNOLOGY Co., LTD."
다날,064260,IT 서비스,"다날, DANAL CO., LTD."
다보링크,340360,전기·전자,"다보링크, DAVOLINK"
다산네트웍스,039560,전기·전자,"다산네트웍스, DASAN Networks, Inc."
다산솔루에타,154040,전기·전자,"다산솔루에타, Dasan Solueta"
다스코,058730,금속,"다스코보통주, Development Advance Solution"
다올투자증권,030210,증권,"다올투자증권보통주, Daol Investment & Securities"
다우기술,023590,IT 서비스,"다우기술보통주, DaouTechnology"
다우데이타,032190,유통,"다우데이타, DAOU DATA CORP."
다원넥스뷰,323350,의료·정밀기기,"다원넥스뷰, DAWON NEXVIEW CO.,LTD."
다원시스,068240,전기·전자,"다원시스, DAWONSYS Co., LTD"
다이나믹디자인,145210,기계·장비,"다이나믹디자인보통주, Dynamic Design"
달바글로벌,483650,화학,"달바글로벌보통주, d'Alba Global"
닷밀,464580,오락·문화,"닷밀, dotmill Inc."
대교,019680,일반서비스,"대교보통주, DAEKYO"
대교우B,019685,일반서비스,"대교우선주(신형), DAEKYO(1PB)"
대구백화점,006370,유통,"대구백화점보통주, DaeguDepartmentStore"
대덕1우,00806K,기타금융,"대덕1우선주, DAEDUCK Co.,LTD(1P)"
대덕,008060,기타금융,"대덕보통주, DAEDUCK Co.,LTD"
대덕전자,353200,전기·전자,"대덕전자보통주, DaeduckElectronics"
대덕전자1우,35320K,전기·전자,"대덕전자우선주, DaeduckElectronics(1P)"
대동금속,020400,금속,"대동금속, DaedongMetal"
대동기어,008830,기계·장비,"대동기어, DaedongGear"
대동,000490,기계·장비,"대동보통주, DAEDONG CORPORATION"
대동스틸,048470,유통,"대동스틸, DAE DONG STEEL CO., LTD."
대동전자,008110,전기·전자,"대동전자보통주, DAIDONGElECTRONICS"
대륙제관,004780,금속,"대륙제관, DaeryukCan"
대림바스,005750,비금속,"대림바스보통주, DAELIM BATH"
대림제지,017650,종이·목재,"대림제지, DaelimPaper"
대림통상,006570,금속,"대림통상보통주, DaelimTrading"
대명에너지,389260,건설,"대명에너지, Dae Myoung Energy Co. Ltd."
대모,317850,기계·장비,"대모엔지니어링, DAEMO Engineering Co.,Ltd."
대보마그네틱,290670,전기·전자,"대보마그네틱, DAEBO MAGNETIC CO.,LTD."
대봉엘에스,078140,제약,"대봉엘에스, Daebongls co., Ltd"
대산F&B,065150,유통,"대산에프앤비, Daesan F&B Inc."
대상우,001685,음식료·담배,"대상1우선주, Daesang(1P)"
대상,001680,음식료·담배,"대상보통주, Daesang"
대상홀딩스우,084695,기타금융,"대상홀딩스 1우선주, Daesang Holdings(1P)"
대상홀딩스,084690,기타금융,"대상홀딩스 보통주, Daesang Holdings"
대성미생물,036480,제약,"대성미생물연구소, Daesung Microbiological Labs. Co., Ltd."
대성산업,128820,유통,"대성산업보통주, DAESUNG INDUSTRIAL"
대성에너지,117580,전기·가스,"대성에너지보통주, DAESUNG ENERGY"
대성창투,027830,금융,"대성창업투자, Daesung Private Equity, Inc."
대성파인텍,104040,운송장비·부품,"대성파인텍, Daesung Fine Tech. Co., Ltd"
대성하이텍,129920,기계·장비,"대성하이텍, Daesung Hi-Tech Co., Ltd."
대성홀딩스,016710,일반서비스,"대성홀딩스보통주, DAESUNG HOLDINGS"
대신밸런스제16호스팩,457630,금융,"대신밸런스제16호기업인수목적, Daishin Balance No.16 Special Purpose Acquisition Company"
대신밸런스제17호스팩,471050,금융,"대신밸런스제17호기업인수목적, Daishin Balance No.17 Special Purpose Acquisition Company"
대신밸런스제18호스팩,478780,금융,"대신밸런스제18호기업인수목적, Daishin Balance No.18 Special Purpose Acquisition Company"
대신밸런스제19호스팩,482690,금융,"대신밸런스제19호기업인수목적, Daishin Balance No.19 Special Purpose Acquisition Company"
대신밸류리츠,0030R0,기타금융,"대신밸류리츠위탁관리부동산투자회사보통주, Daishin Value REIT"
대신정보통신,020180,IT 서비스,"대신정보통신, DaishinInformation"
대신증권우,003545,증권,"대신증권1우선주, DaishinSecurities(1P)"
대신증권2우B,003547,증권,"대신증권2우선주(신형), DAISHINSECURITIES(2PB)"
대신증권,003540,증권,"대신증권보통주, DaishinSecurities"
대아티아이,045390,전기·전자,"대아티아이, DAEA TI CO., LTD."
대양금속,009190,금속,"대양금속보통주, DaiyangMetal"
대양전기공업,108380,운송장비·부품,"대양전기공업, DAYANG ELECTRIC CO.,LTD"
대영포장,014160,종이·목재,"대영포장보통주, DaeyoungPackaging"
대우건설,047040,건설,"대우건설보통주, DaewooEngineering&Construction"
대웅,003090,제약,"대웅보통주, Daewoong"
대웅제약,069620,제약,"대웅제약보통주, DAEWOONGPHARMACEUTICAL"
대원,007680,건설,"대원, DAEWON CO., LTD."
대원강업,000430,운송장비·부품,"대원강업보통주, DaewonKangup"
대원미디어,048910,유통,"대원미디어, DAEWON MEDIA CO.,LTD."
대원산업,005710,운송장비·부품,"대원산업, Daewonsanup"
대원전선우,006345,전기·전자,"대원전선1우선주, DaewonCable(1P)"
대원전선,006340,전기·전자,"대원전선보통주, DaewonCable"
대원제약,003220,제약,"대원제약보통주, DaewonPharmaceutical"
대원화성,024890,화학,"대원화성보통주, DaewonChemical"
대유에이텍,002880,운송장비·부품,"대유에이텍, DAYOU AUTOMOTIVE SEAT TECHNOLOGY CO.,LTD"
대정화금,120240,화학,"대정화금, Daejung Chemicals & Metals Co., Ltd."
대주산업,003310,음식료·담배,"대주산업, Daejoo Inc."
대주전자재료,078600,전기·전자,"대주전자재료, Daejoo Electronic Materials Co., Ltd."
대진첨단소재,393970,화학,"대진첨단소재, DAEJIN ADVANCED MATERIALS Inc."
대창단조,015230,운송장비·부품,"대창단조보통주, DaechangForging"
대창,012800,금속,"대창보통주, DAECHANG"
대창솔루션,096350,금속,"대창솔루션, DAECHANG SOLUTION CO.,LTD."
대창스틸,140520,금속,"대창스틸, DaeChang Steel CO., LTD."
대한과학,131220,유통,"대한과학, DAIHAN SCIENTIFIC CO., Ltd"
대한광통신,010170,전기·전자,"대한광통신, TAIHAN Fiberoptics Co.,LTD"
대한뉴팜,054670,제약,"대한뉴팜, Daehan Nupharm"
대한방직,001070,섬유·의류,"대한방직보통주, TaihanTextile"
대한약품,023910,제약,"대한약품공업, DaihanPharmaceutical"
대한유화,006650,화학,"대한유화보통주, KOREA PETRO CHEMICAL IND"
대한전선,001440,전기·전자,"대한전선보통주, Taihan Cable & Solution"
대한제강,084010,금속,"대한제강 보통주, Daehan Steel Co. Ltd."
대한제당우,001795,음식료·담배,"대한제당1우선주, TS(1P)"
대한제당,001790,음식료·담배,"대한제당보통주, TS"
대한제분,001130,음식료·담배,"대한제분보통주, DaehanFlourMill"
대한조선,439260,운송장비·부품,"대한조선보통주, DAEHAN SHIPBUILDING"
대한항공우,003495,운송·창고,"대한항공1우선주, KoreanAirLines(1P)"
대한항공,003490,운송·창고,"대한항공보통주, KoreanAirLines"
대한해운,005880,운송·창고,"대한해운보통주, KoreaLine"
대한화섬,003830,화학,"대한화섬보통주, DaehanSyntheticFibrer"
대현,016090,섬유·의류,"대현보통주, Daehyun"
대호에이엘,069460,금속,"대호에이엘보통주, DAEHOAL"
대호특수강,021040,금속,"대호특수강, dhSteel"
대호특수강우,021045,금속,"대호특수강1우선주, dhSteel(1P)"
대화제약,067080,제약,"대화제약, DAE HWA PHARM CO., LTD"
더테크놀로지,043090,유통,"더 테크놀로지, The Technology"
더네이쳐홀딩스,298540,섬유·의류,"더네이쳐홀딩스, THE NATURE HOLDINGS CO., LTD"
더라미,032860,일반서비스,"더라미, The Lamy"
더본코리아,475560,유통,"더본코리아보통주, The BORN Korea"
더블유게임즈,192080,IT 서비스,"더블유게임즈보통주, DoubleUGames"
더블유씨피,393890,전기·전자,"더블유씨피, W-SCOPE CHUNGJU PLANT CO., LTD."
더블유에스아이,299170,유통,"더블유에스아이, WSI Co., Ltd."
THE E&M,089230,IT 서비스,"더이앤엠, THE E&M Co., Ltd."
더존비즈온,012510,IT 서비스,"더존비즈온보통주, DOUZONE BIZON"
더즌,462860,통신,"더즌, Dozn Inc."
더코디,224060,기계·장비,"더코디, THE CODI"
THE CUBE&,013720,운송장비·부품,"더큐브앤, The Cube&"
덕산네오룩스,213420,전기·전자,"덕산네오룩스, DUK SAN NEOLUX CO.,LTD"
덕산테코피아,317330,화학,"덕산테코피아, Duksan Techopia Co., Ltd."
덕산하이메탈,077360,전기·전자,"덕산하이메탈, DUK SAN HI METAL CO.,LTD."
덕성우,004835,화학,"덕성1우선주, Duksung(1P)"
덕성,004830,화학,"덕성보통주, Duksung"
덕신이피씨,090410,금속,"덕신이피씨, DUKSHINEPC"
덕우전자,263600,전기·전자,"덕우전자, DERKWOO ELECTRONICS CO.,LTD."
데브시스터즈,194480,IT 서비스,"데브시스터즈, Devsisters corporation"
데이원컴퍼니,373160,일반서비스,"데이원컴퍼니, Day1 Company Inc."
데이타솔루션,263800,유통,"데이타솔루션, Datasolution, Inc."
덱스터,206560,오락·문화,"덱스터스튜디오, Dexter studios Co., Ltd."
덴티스,261200,의료·정밀기기,"덴티스, DENTIS CO.,LTD"
덴티움,145720,의료·정밀기기,"덴티움보통주, DENTIUM"
도우인시스,484120,전기·전자,"도우인시스, DOWOOINSYS CO., LTD."
도이치모터스,067990,유통,"도이치모터스, DEUTSCH MOTORS INC."
도화엔지니어링,002150,일반서비스,"도화엔지니어링보통주, DOHWA ENGINEERING"
동구바이오제약,006620,제약,"동구바이오제약, DongKoo Bio & Pharma Co., Ltd."
동국산업,005160,금속,"동국산업, DONGKUK INDUSTRIES COMPANY"
동국생명과학,303810,제약,"동국생명과학, DongKook Life Science Co., Ltd."
동국씨엠,460850,금속,"동국씨엠보통주, DONGKUK COATED METAL"
동국알앤에스,075970,비금속,"동국알앤에스, DONGKUK REFRACTORIES & STEEL CO., LTD."
동국S&C,100130,금속,"동국에스엔씨, DONGKUK STRUCTURES & CONSTRUCTION COMPANY LIMITED"
동국제강,460860,금속,"동국제강보통주, DONGKUK STEEL MILL"
동국제약,086450,제약,"동국제약, DongKook Pharmaceutical Co.,Ltd."
동국홀딩스,001230,기타금융,"동국홀딩스보통주, DONGKUK HOLDINGS"
동방메디컬,240550,의료·정밀기기,"동방메디컬, DongBang Medical Co., Ltd."
동방,004140,운송·창고,"동방보통주, DongbangTransport&Logistics"
동방선기,099410,운송장비·부품,"동방선기, Dongbang Ship Machinery Co., Ltd"
동방아그로,007590,화학,"동방아그로보통주, DongbangAgro"
동부건설우,005965,건설,"동부건설1우선주, Dongbu(1P)"
동부건설,005960,건설,"동부건설보통주, Dongbu Corporation"
동서,026960,유통,"동서보통주, DONGSUH"
동성제약,002210,제약,"동성제약보통주, DongsungPharmaceutical"
동성케미컬,102260,화학,"동성케미컬보통주, DONGSUNG CHEMICAL Co., Ltd."
동성화인텍,033500,화학,"동성화인텍, DONGSUNG FINETEC CO., Ltd"
동신건설,025950,건설,"동신건설, DongshinEngineering&Construction"
동아쏘시오홀딩스,000640,기타금융,"동아쏘시오홀딩스보통주, Dong-A Socio Holdings"
동아에스티,170900,제약,"동아에스티보통주, Donga ST"
동아엘텍,088130,기계·장비,"동아엘텍, DONG A ELTEK Co., Ltd"
동아지질,028100,건설,"동아지질보통주, Dong-Ah Geological Engineering Company"
동아화성,041930,화학,"동아화성, DONG-A HWA SUNG CO.,LTD"
동양우,001525,비금속,"동양1우선주, TONGYANG(1P)"
동양2우B,001527,비금속,"동양2우선주(신형), TONGYANG(2PB)"
동양고속,084670,운송·창고,"동양고속보통주, DONGYANG EXPRESS CORP."
동양,001520,비금속,"동양보통주, TONGYANG"
동양생명,082640,보험,"동양생명보험보통주, TONGYANG LIFE INSURANCE"
동양에스텍,060380,금속,"동양에스텍, Dongyang S·TEC Co., Ltd."
동양이엔피,079960,전기·전자,"동양이엔피, DONGYANG E&P INC."
동양파일,228340,비금속,"동양파일, TONGYANG PILE, Inc."
동우팜투테이블,088910,음식료·담배,"동우팜투테이블, DONGWOO FARM TO TABLE CO., LTD"
동운아나텍,094170,전기·전자,"동운아나텍, DONGWOON ANATECH CO.,LTD."
동원개발,013120,건설,"동원개발, DongwonDevelopment"
동원금속,018500,운송장비·부품,"동원금속보통주, DONGWON METAL"
동원산업,006040,기타금융,"동원산업보통주, DongwonIndustries"
동원수산,030720,"농업, 임업 및 어업","동원수산보통주, DongwonFisheries"
동원시스템즈우,014825,화학,"동원시스템즈1우선주, Dongwon Systems Corporation(1P)"
동원시스템즈,014820,화학,"동원시스템즈보통주, Dongwon Systems Corporation"
동인기연,111380,섬유·의류,"동인기연보통주, DONG IN ENTECH"
동일고무벨트,163560,화학,"동일고무벨트보통주, DRB Industrial"
동일금속,109860,금속,"동일금속, DONGIL METAL CO., LTD."
동일기연,032960,전기·전자,"동일기연, DongilTechnology"
동일산업,004890,금속,"동일산업보통주, DONGILINDUSTRIESCO.,LTD"
동일스틸럭스,023790,금속,"동일스틸럭스, DONGIL STEELUX"
동일제강,002690,금속,"동일제강보통주, DONG IL STEEL MFG CO., LTD"
동진쎄미켐,005290,화학,"동진쎄미켐, DONGJIN SEMICHEM CO., LTD."
동화기업,025900,종이·목재,"동화기업, DONGWHA ENTERPRISE CO., LTD."
동화약품,000020,제약,"동화약품보통주, DongwhaPharm"
두산우,000155,기타금융,"두산1우선주, DOOSAN(1P)"
두산2우B,000157,기타금융,"두산2우선주(신형), DOOSAN(2PB)"
두산로보틱스,454910,기계·장비,"두산로보틱스보통주, Doosan Robotics"
두산밥캣,241560,기계·장비,"두산밥캣보통주, Doosan Bobcat"
두산,000150,기타금융,"두산보통주, DOOSAN"
두산에너빌리티,034020,기계·장비,"두산에너빌리티보통주, DOOSAN ENERBILITY"
두산테스나,131970,일반서비스,"두산테스나, DOOSAN TESNA"
두산퓨얼셀1우,33626K,전기·전자,"두산퓨얼셀1우선주, Doosan Fuel Cell(1P)"
두산퓨얼셀2우B,33626L,전기·전자,"두산퓨얼셀2우선주(신형), Doosan Fuel Cell(2PB)"
두산퓨얼셀,336260,전기·전자,"두산퓨얼셀보통주, Doosan Fuel Cell"
두올,016740,운송장비·부품,"두올보통주, DUAL"
듀오백,073190,기타제조,"듀오백, DUOBACK CO., LTD."
듀켐바이오,176750,제약,"듀켐바이오, DuChemBio Co, LTD"
드래곤플라이,030350,IT 서비스,"드래곤플라이, Dragonfly GF Co., Ltd."
드림시큐리티,203650,IT 서비스,"드림시큐리티, Dream Security Co.,Ltd."
드림씨아이에스,223250,일반서비스,"드림씨아이에스, DreamCIS INC."
드림어스컴퍼니,060570,오락·문화,"드림어스컴퍼니, Dreamus Company"
드림인사이트,362990,일반서비스,"드림인사이트, DREAMINSIGHT Co.,Ltd."
드림텍,192650,전기·전자,"드림텍보통주, DREAMTECH"
디모아,016670,유통,"디모아, DMOA"
디바이스,187870,기계·장비,"디바이스, DEVICE"
DB금융스팩12호,477760,금융,"디비금융제12호기업인수목적, DB Finance No.12 Special Purpose Acquisition Co., Ltd."
디비금융제13호스팩,489730,금융,"디비금융제13호기업인수목적, DB Finance No.13 Special Purpose Acquisition Co., Ltd."
디비금융제14호스팩,0004Y0,금융,"디비금융제14호기업인수목적, DB Finance No.14 Special Purpose Acquisition Co., Ltd."
디씨엠,024090,금속,"디씨엠보통주, DCMCorp."
디아이,003160,의료·정밀기기,"디아이보통주, DI"
디아이씨,092200,운송장비·부품,"디아이씨 보통주, DAE-IL Corporation"
디아이티,110990,기계·장비,"디아이티, DIT"
DRB동일,004840,화학,"디알비동일보통주, DRB Holding Co.,Ltd"
디알젬,263690,의료·정밀기기,"디알젬, DRGEM CORPORATION"
디알텍,214680,의료·정밀기기,"디알텍, DRTECH Corporation"
디앤디파마텍,347850,일반서비스,"디앤디파마텍, D&D Pharmatech Inc."
디앤디플랫폼리츠,377190,부동산,"디앤디플랫폼리츠보통주, D&D platform REIT"
디앤씨미디어,263720,오락·문화,"디앤씨미디어, D&C MEDIA CO.,LTD."
디어유,376300,IT 서비스,"디어유, DEAR U Co.,Ltd."
DSC인베스트먼트,241520,금융,"디에스씨인베스트먼트, DSC Investment Inc."
디에스케이,109740,기계·장비,"디에스케이, DSK Co.,Ltd."
디에이치엑스컴퍼니,031860,유통,"디에이치엑스컴퍼니, DHX Company"
DH오토넥스,000300,운송장비·부품,"디에이치오토넥스보통주, DHAUTONEX"
DH오토리드,290120,운송장비·부품,"디에이치오토리드, DH AUTOLEAD"
DH오토웨어,025440,전기·전자,"디에이치오토웨어, DHAUTOWARE"
디에이테크놀로지,196490,기계·장비,"디에이테크놀로지, DA Technology Co.,Ltd."
디에이피,066900,전기·전자,"디에이피, DAP Co., Ltd"
DXVX,180400,일반서비스,"디엑스앤브이엑스, Dx & Vx"
디엔에프,092070,화학,"디엔에프, DNF Co., Ltd."
DN오토모티브,007340,전기·전자,"디엔오토모티브보통주, DN AUTOMOTIVE CORPORATION"
DMS,068790,기계·장비,"디엠에스, DMS Co.,Ltd."
디오,039840,의료·정밀기기,"디오, DIO Corporation"
디와이덕양,024900,운송장비·부품,"디와이덕양보통주, DY DEOKYANG"
디와이디,219550,유통,"디와이디, DYD"
디와이,013570,기타금융,"디와이보통주, DY Corporation"
디와이씨,310870,운송장비·부품,"디와이씨, DYC"
디와이파워,210540,기계·장비,"디와이파워보통주, DY POWER Corporation"
DYP,092780,운송장비·부품,"디와이피보통주, DYP"
디와이피엔에프,104460,기계·장비,"디와이피엔에프, DYPNF CO.,LTD"
디이엔티,079810,전기·전자,"디이엔티, DE&T Co., Ltd."
디젠스,113810,운송장비·부품,"디젠스, Dgenx Co., Ltd."
디지아이,043360,전기·전자,"디지아이, Digital Graphics Incorporation"
DGI,099520,전기·전자,"디지아이티엑스, DG-ITX"
디지캡,197140,IT 서비스,"디지캡, DigiCAP"
디지털대성,068930,일반서비스,"디지털대성, Digital Daesung Co., Ltd."
디지틀조선,033130,IT 서비스,"디지틀조선일보, DigitalChosun"
DGP,060900,전기·가스·수도,"디지피, DGP"
디케이락,105740,기계·장비,"디케이락, DK-Lok Corporation"
디케이앤디,263020,화학,"디케이앤디, DK&D"
DKME,015590,기계·장비,"디케이엠이보통주, DKME"
디케이티,290550,전기·전자,"디케이티, DK Tech Co., Ltd."
디티씨,066670,전기·전자,"디티씨, DTC"
디티앤씨,187220,일반서비스,"디티앤씨, Dt&C"
디티앤씨알오,383930,일반서비스,"디티앤씨알오, DT&CRO CO., Ltd."
딜리,131180,전기·전자,"딜리, DILLI ILLUSTRATE INC.,"
딥노이드,315640,IT 서비스,"딥노이드, DEEPNOID Inc."
라닉스,317120,전기·전자,"라닉스, RANIX INC."
라메디텍,462510,의료·정밀기기,"라메디텍, LAMEDITECH Co., Ltd."
라온시큐어,042510,IT 서비스,"라온시큐어, RaonSecure Co., Ltd."
라온테크,232680,기계·장비,"라온테크, RAONTEC Inc."
라온텍,418420,전기·전자,"라온텍, RAONTECH INC."
라온피플,300120,IT 서비스,"라온피플, LaonPeople Inc."
라이온켐텍,171120,화학,"라이온켐텍, LION CHEMTECH CO., Ltd."
라이콤,388790,전기·전자,"라이콤, LiComm"
라파스,214260,화학,"라파스, Raphas Co., Ltd."
램테크놀러지,171010,화학,"램테크놀러지, RAM TECHNOLOGY CO., LTD."
랩지노믹스,084650,일반서비스,"랩지노믹스, LabGenomics. Co., Ltd."
러셀,217500,기계·장비,"러셀, RUSSELL CO., LTD."
레드캡투어,038390,일반서비스,"레드캡투어, RedcapTour Co., Ltd."
레몬,294140,화학,"레몬, LEMON COMPANY LIMITED"
레뷰코퍼레이션,443250,일반서비스,"레뷰코퍼레이션, RevuCorporation Inc"
레이,228670,의료·정밀기기,"레이, Ray Co., Ltd."
레이언스,228850,의료·정밀기기,"레이언스, RAYENCE CO., LTD."
레이저쎌,412350,기계·장비,"레이저쎌, Laserssel Co. Ltd."
레이저옵텍,199550,의료·정밀기기,"레이저옵텍, Laseroptek Co., Ltd."
레이크머티리얼즈,281740,화학,"레이크머티리얼즈, Lake Materials Co., Ltd."
레인보우로보틱스,277810,기계·장비,"레인보우로보틱스, Rainbow Robotics"
로보로보,215100,전기·전자,"로보로보, RoboRobo Co., Ltd."
로보스타,090360,기계·장비,"로보스타, Robostar Co.,Ltd."
로보티즈,108490,기계·장비,"로보티즈, ROBOTIS"
로스웰,900260,금융,"로스웰인터내셔널, Rothwell International Co., Limited"
로지시스,067730,IT 서비스,"로지시스, LOGISYS INC."
로체시스템즈,071280,기계·장비,"로체시스템즈, RORZE SYSTEMS CORPORATION"
로킷헬스케어,376900,제약,"로킷헬스케어, ROKIT HEALTHCARE Inc."
롤링스톤,214610,의료·정밀기기,"롤링스톤, RollingStone"
롯데관광개발,032350,일반서비스,"롯데관광개발 보통주, LOTTE TOUR DEVELOPMENT CO., LTD"
롯데렌탈,089860,일반서비스,"롯데렌탈보통주, LOTTE rental"
롯데리츠,330590,부동산,"롯데리츠보통주, LOTTE REIT"
롯데손해보험,000400,보험,"롯데손해보험보통주, LotteNon-LifeInsurance"
롯데쇼핑,023530,유통,"롯데쇼핑 보통주, LOTTE SHOPPING CO., LTD."
롯데에너지머티리얼즈,020150,전기·전자,"롯데에너지머티리얼즈보통주, LOTTE ENERGY MATERIALS CORPORATION"
롯데웰푸드,280360,음식료·담배,"롯데웰푸드보통주, LOTTE WELLFOOD"
롯데이노베이트,286940,IT 서비스,"롯데이노베이트보통주, LOTTE INNOVATE"
롯데정밀화학,004000,화학,"롯데정밀화학보통주, LOTTE Fine Chemical"
롯데지주우,00499K,기타금융,"롯데지주1우선주, Lotte Corporation(1P)"
롯데지주,004990,기타금융,"롯데지주보통주, Lotte Corporation"
롯데칠성우,005305,음식료·담배,"롯데칠성음료1우선주, LotteChilsungBeverage(1P)"
롯데칠성,005300,음식료·담배,"롯데칠성음료보통주, LotteChilsungBeverage"
롯데케미칼,011170,화학,"롯데케미칼보통주, LOTTE CHEMICAL CORPORATION"
롯데하이마트,071840,유통,"롯데하이마트보통주, LOTTE Himart"
루닛,328130,IT 서비스,"루닛, Lunit Inc."
루멘스,038060,전기·전자,"루멘스, LUMENS CO., LTD."
루미르,474170,운송장비·부품,"루미르, Lumir Inc."
리가켐바이오,141080,일반서비스,"리가켐 바이오사이언스, LigaChem Biosciences"
리노공업,058470,전기·전자,"리노공업, LEENO Industrial Inc"
리더스코스메틱,016100,종이·목재,"리더스코스메틱, LEADERS COSMETICS CO.,LTD."
리드코프,012700,유통,"리드코프, The LEADCORP, Inc."
리메드,302550,의료·정밀기기,"리메드, REMED CO.,LTD."
리튬포어스,073570,기타제조,"리튬포어스, Lithium-for-earth"
리파인,377450,IT 서비스,"리파인, REFINE Co., Ltd"
린드먼아시아,277070,금융,"린드먼아시아인베스트먼트, Lindeman Asia Investment Corporation"
링네트,042500,IT 서비스,"링네트, RingNet Co., Ltd."
링크드,193250,전기·전자,"링크드, Linked Inc."
링크솔루션,474650,기계·장비,"링크솔루션, LINCSOLUTION CO., LTD."
링크제니시스,219420,IT 서비스,"링크제니시스, Linkgenesis Co., Ltd."
마녀공장,439090,화학,"마녀공장, Manyo Factory Co., Ltd."
마니커,027740,음식료·담배,"마니커보통주, MANIKER"
마니커에프앤지,195500,음식료·담배,"마니커에프앤지, Maniker F&G"
마스턴프리미어리츠,357430,부동산,"마스턴프리미어리츠보통주, MASTERN PREMIER REIT 1"
마음AI,377480,IT 서비스,"마음에이아이, MAUM.AI, INC."
마이크로디지탈,305090,의료·정밀기기,"마이크로디지탈, Micro Digital Co., Ltd."
마이크로투나노,424980,전기·전자,"마이크로투나노, MICRO2NANO, Inc."
엠브레인,169330,일반서비스,"마크로밀엠브레인, Macromill Embrain Co., Ltd."
마크로젠,038290,일반서비스,"마크로젠, Macrogen, Inc."
만호제강,001080,금속,"만호제강보통주, ManhoRope&Wire"
매일유업,267980,음식료·담배,"매일유업, Maeil Dairies Co., Ltd."
매일홀딩스,005990,음식료·담배,"매일홀딩스, MAEIL HOLDINGS CO., LTD."
매커스,093520,유통,"매커스, MAKUS"
맥쿼리인프라,088980,기타금융,"맥쿼리한국인프라투융자회사 보통주, Macquarie Korea Infrastructure Fund"
머큐리,100590,전기·전자,"머큐리, Mercury Corporation"
멀티캠퍼스,067280,일반서비스,"멀티캠퍼스, Multicampus Corporation"
메가스터디,072870,오락·문화,"메가스터디, MegaStudy Co., Ltd."
메가스터디교육,215200,일반서비스,"메가스터디교육, MegaStudyEdu Co. Ltd"
메가엠디,133750,일반서비스,"메가엠디, MegaMD Co., Ltd."
메가터치,446540,전기·전자,"메가터치, Megatouch Co., Ltd"
메드팩토,235980,일반서비스,"메드팩토, MedPacto, Inc."
메디아나,041920,의료·정밀기기,"메디아나, MEDIANA Co.,LTD"
메디앙스,014100,유통,"메디앙스, Medience Co., LTD."
메디콕스,054180,운송장비·부품,"메디콕스, MEDICOX Co., Ltd."
메디톡스,086900,제약,"메디톡스, Medy-Tox Inc."
메디포스트,078160,제약,"메디포스트, MEDIPOST CO., LTD."
메리츠금융지주,138040,기타금융,"메리츠금융지주회사보통주, Meritz Financial Group"
메쎄이상,408920,일반서비스,"메쎄이상, Messe eSang"
메이슨캐피탈,021880,금융,"메이슨캐피탈, MASON CAPITAL CORPORATION"
메지온,140410,일반서비스,"메지온, Mezzion Pharma Co., Ltd."
메카로,241770,전기·전자,"메카로, MECARO.CO.,LTD."
메타랩스,090370,섬유·의류,"메타랩스보통주, METALABS"
메타바이오메드,059210,제약,"메타바이오메드, META BIOMED.CO.,LTD"
메타케어,118000,유통,"메타케어보통주, METACARE"
멕아이씨에스,058110,의료·정밀기기,"멕아이씨에스, MEKICS Co.,Ltd."
명문제약,017180,제약,"명문제약 보통주, MyungMoon Pharm"
명신산업,009900,운송장비·부품,"명신산업보통주, MYOUNG SHIN INDUSTRY"
명인제약,317450,제약,"명인제약보통주, MYUNGIN PHARM"
모나리자,012690,종이·목재,"모나리자보통주, Monalisa"
모나미,005360,유통,"모나미보통주, Monami"
모나용평,070960,일반서비스,"모나용평보통주, MONAYONGPYONG"
모니터랩,434480,IT 서비스,"모니터랩, MONITORAPP CO., LTD."
모다이노칩,080420,유통,"모다이노칩, Moda-InnoChips Co., Ltd."
모델솔루션,417970,기계·장비,"모델솔루션, Model Solution Co., Ltd."
모두투어,080160,일반서비스,"모두투어네트워크, MODETOUR NETWORK INC."
모바일어플라이언스,087260,IT 서비스,"모바일어플라이언스, MOBILE APPLIANCE, INC."
모베이스,101330,전기·전자,"모베이스, MOBASE Co., Ltd."
모베이스전자,012860,운송장비·부품,"모베이스전자, MOBASE ELECTRONICS CO.,LTD."
모비데이즈,363260,일반서비스,"모비데이즈, Mobidays"
모비릭스,348030,IT 서비스,"모비릭스, MOBIRIX Corporation"
모비스,250060,IT 서비스,"모비스, Mobiis Co., Ltd."
모아데이타,288980,IT 서비스,"모아데이타, Moadata"
모아라이프플러스,142760,일반서비스,"모아라이프플러스, MOA Life Plus"
모아텍,033200,전기·전자,"모아텍, MOATECH CO., LTD."
모코엠시스,333050,IT 서비스,"모코엠시스, MOCOMSYS"
모토닉,009680,운송장비·부품,"모토닉보통주, MOTONIC"
모트렉스,118990,운송장비·부품,"모트렉스, MOTREX CO.,LTD"
모티브링크,463480,전기·전자,"모티브링크, MOTIVELINK CO.,LTD"
모헨즈,006920,비금속,"모헨즈, Mohenz. Co., Ltd"
무림SP,001810,종이·목재,"무림에스피, MOORIM SP CO., LTD."
무림페이퍼,009200,종이·목재,"무림페이퍼보통주, MOORIM PAPER"
무림P&P,009580,종이·목재,"무림피앤피보통주, Moorim P&P"
무학,033920,음식료·담배,"무학보통주, Muhak"
문배철강,008420,금속,"문배철강보통주, MoonbaeSteel"
미디어젠,279600,IT 서비스,"미디어젠, MediaZen,Inc."
미래나노텍,095500,화학,"미래나노텍, MNTECH Co.,Ltd."
미래반도체,254490,유통,"미래반도체, MIRAI SEMICONDUCTORS CO., LTD."
미래산업,025560,의료·정밀기기,"미래산업보통주, MiraeCorporation"
미래생명자원,218150,음식료·담배,"미래생명자원, MILAE BIORESOURCES CO., LTD."
미래아이앤지,007120,IT 서비스,"미래아이앤지보통주, MiraeING"
미래에셋글로벌리츠,396690,부동산,"미래에셋글로벌리츠보통주, Mirae Asset Global REIT"
맵스리얼티,094800,기타금융,"미래에셋맵스리얼티부동산공모투자회사보통주, MIRAEASSET MAPS REALTY INVESTMENT COMPANY"
미래에셋맵스리츠,357250,부동산,"미래에셋맵스리츠보통주, Miraeasset Maps REIT 1"
미래에셋벤처투자,100790,금융,"미래에셋벤처투자, Mirae Asset Venture Investment Co., Ltd"
미래에셋비전스팩3호,448830,금융,"미래에셋비전기업인수목적3호, Mirae Asset Vision Special Purpose Acquisition 3 Company"
미래에셋비전스팩4호,477380,금융,"미래에셋비전기업인수목적4호, Mirae Asset Vision Special Purpose Acquisition 4 Company"
미래에셋비전스팩5호,477470,금융,"미래에셋비전기업인수목적5호, Mirae Asset Vision Special Purpose Acquisition 5 Company"
미래에셋비전스팩6호,478440,금융,"미래에셋비전기업인수목적6호, Mirae Asset Vision Special Purpose Acquisition 6 Company"
미래에셋비전스팩7호,482680,금융,"미래에셋비전기업인수목적7호, Mirae Asset Vision Special Purpose Acquisition 7 Company"
미래에셋생명,085620,보험,"미래에셋생명보험보통주, MIRAE ASSET Life Insurance CO., Ltd."
미래에셋증권우,006805,증권,"미래에셋증권1우선주, MIRAE ASSET SECURITIES(1P)"
미래에셋증권2우B,00680K,증권,"미래에셋증권2우선주(신형), MIRAE ASSET SECURITIES(2PB)"
미래에셋증권,006800,증권,"미래에셋증권보통주, MIRAE ASSET SECURITIES"
미래컴퍼니,049950,기계·장비,"미래컴퍼니, meerecompany Incorporated"
미스터블루,207760,IT 서비스,"미스터블루, Mr. Blue Corporation"
미스토홀딩스,081660,유통,"미스토홀딩스보통주, Misto Holdings Corporation"
미원상사,002840,화학,"미원상사보통주, MiwonCommercial"
미원에스씨,268280,화학,"미원스페셜티케미칼보통주, Miwon Specialty Chemical"
미원홀딩스,107590,기타금융,"미원홀딩스 보통주, Miwon Holdings Co.,Ltd."
미원화학,134380,화학,"미원화학보통주, Miwon Chemicals"
미창석유,003650,화학,"미창석유공업보통주, MichangOilInd"
미코,059090,전기·전자,"미코, MiCo Ltd."
미투온,201490,IT 서비스,"미투온, Me2on Co., Ltd"
미트박스,475460,IT 서비스,"미트박스글로벌, MeatBox Global Inc."
민테크,452200,의료·정밀기기,"민테크, Mintech Co., Ltd."
바디텍메드,206640,제약,"바디텍메드, Boditech Med Inc."
바른손,018700,유통,"바른손, Barunson"
바른손이앤에이,035620,오락·문화,"바른손이앤에이, Barunson Entertainment & Arts Corporation"
바이넥스,053030,제약,"바이넥스, Binex Co., Ltd."
바이브컴퍼니,301300,IT 서비스,"바이브컴퍼니, VAIV company Inc."
바이오노트,377740,제약,"바이오노트보통주, BioNote"
바이오니아,064550,제약,"바이오니아, BIONEER CORPORATION"
바이오다인,314930,의료·정밀기기,"바이오다인, BIODYNE CO., LTD."
바이오비쥬,489460,화학,"바이오비쥬, BIOBIJOU Co., Ltd."
바이오솔루션,086820,제약,"바이오솔루션, Bio Solution Co.,Ltd."
바이오스마트,038460,전기·전자,"바이오스마트, BioSmart Co., Ltd."
바이오에프디엔씨,251120,제약,"바이오에프디엔씨, BIO-FD&C Co.,Ltd."
바이오인프라,199730,일반서비스,"바이오인프라, BioInfra Co.,Ltd."
바이오톡스텍,086040,일반서비스,"바이오톡스텍, Biotoxtech Co., Ltd."
바이오포트,188040,음식료·담배,"바이오포트코리아, BIO PORT KOREA"
바이오플러스,099430,제약,"바이오플러스, Bio Plus Co., Ltd"
바이온,032980,유통,"바이온, BYON Co., Ltd."
바이젠셀,308080,일반서비스,"바이젠셀, ViGenCell Inc."
바텍,043150,의료·정밀기기,"바텍, Value Added Technology Co., Ltd."
박셀바이오,323990,일반서비스,"박셀바이오, Vaxcell-Bio Therapeutics"
방림,003610,섬유·의류,"방림보통주, Pangrim"
배럴,267790,섬유·의류,"배럴, BARREL Co., Ltd."
백금T&A,046310,전기·전자,"백금티앤에이, BG T&A Co."
백산,035150,화학,"백산보통주, Baiksan"
밸로프,331520,IT 서비스,"밸로프, VALOFE"
뱅크웨어글로벌,199480,IT 서비스,"뱅크웨어글로벌, Bankware Global Co., Ltd."
버넥트,438700,IT 서비스,"버넥트, VIRNECT Co., Ltd."
버킷스튜디오,066410,통신,"버킷스튜디오, BUCKET STUDIO Co.,Ltd."
범양건영,002410,건설,"범양건영보통주, BUMYANG CONSTRUCTION"
범한퓨얼셀,382900,전기·전자,"범한퓨얼셀, Bumhan Fuel Cell Co., Ltd."
베노티앤알,206400,건설,"베노티앤알, BENO TNR"
베뉴지,019010,유통,"베뉴지, VenueG Co.,Ltd."
베셀,177350,기계·장비,"베셀, Vessel Co., Ltd"
벡트,457600,전기·전자,"벡트, VECT Co., Ltd."
벨로크,424760,IT 서비스,"벨로크, Bellock"
벽산,007210,비금속,"벽산보통주, Byuksan"
보라티알,250000,유통,"보라티알, BORATR CO., Ltd."
보락,002760,화학,"보락보통주, Bolak"
보령,003850,제약,"보령보통주, Boryung"
보로노이,310210,일반서비스,"보로노이, Voronoi, Inc."
보성파워텍,006910,금속,"보성파워텍, BOSUNG POWER TECHNOLOGY CO., LTD."
보해양조,000890,음식료·담배,"보해양조보통주, BohaeBrewery"
본느,226340,화학,"본느, Bonne Co., Ltd."
부스타,008470,금속,"부-스타, BOOSTER CO., LTD"
부광약품,003000,제약,"부광약품보통주, BukwangPharmaceutical"
부국증권우,001275,증권,"부국증권1우선주, BookookSecurities(1P)"
부국증권,001270,증권,"부국증권보통주, BookookSecurities"
부국철강,026940,금속,"부국철강 보통주, Bookook Steel"
부방,014470,부동산,"부방, Bubang Co., Ltd."
부산산업,011390,비금속,"부산산업보통주, BusanIndustrial"
부산주공,005030,운송장비·부품,"부산주공보통주, PusanCastIron"
뷰노,338220,IT 서비스,"뷰노, VUNO, Inc."
뷰웍스,100120,의료·정밀기기,"뷰웍스, Vieworks Co., Ltd."
뷰티스킨,406820,화학,"뷰티스킨, BEAUTYSKIN Co., Ltd."
브레인즈컴퍼니,099390,IT 서비스,"브레인즈컴퍼니, Brainzcompany Co., Ltd."
브리지텍,064480,IT 서비스,"브리지텍, BRIDGETEC Corp."
브이씨,365900,기타제조,"브이씨, VC Inc."
브이엠,089970,기계·장비,"브이엠, VM"
브이원텍,251630,기계·장비,"브이원텍, V-ONE TECH CO., LTD."
브이티,018290,화학,"브이티, VT"
블랙야크아이앤씨,478560,섬유·의류,"블랙야크아이앤씨, BLACK YAK I&C CO.,LTD"
블루산업개발,006740,종이·목재,"블루산업개발 보통주, Blue Industrial Development"
블루엠텍,439580,유통,"블루엠텍, BLUEMTEC CO., LTD."
블루콤,033560,전기·전자,"블루콤, BLUECOM CO.,LTD."
블리츠웨이엔터테인먼트,369370,오락·문화,"블리츠웨이엔터테인먼트, Blitzway Entertainment"
비나텍,126340,전기·전자,"비나텍, VINA TECH CO.,LTD."
비덴트,121800,전기·전자,"비덴트, Vidente Co., Ltd."
비보존 제약,082800,제약,"비보존제약, VIVOZON PHARMACEUTICAL"
비비씨,318410,화학,"비비씨, Best Bristle Company CO., Ltd."
비비안,002070,섬유·의류,"비비안보통주, VIVIEN CORPORATION"
비상교육,100220,오락·문화,"비상교육 보통주, VISANG EDUCATION INC"
비스토스,419540,의료·정밀기기,"비스토스, Bistos Co., Ltd."
비씨엔씨,146320,전기·전자,"비씨엔씨, BCnC Co., Ltd."
비씨월드제약,200780,제약,"비씨월드제약, BCWORLDPHARM Co., Ltd."
비아이매트릭스,413640,IT 서비스,"비아이매트릭스, BI MATRIX Co., Ltd."
비아트론,141000,기계·장비,"비아트론, Viatron Technologies, Inc."
비에이치,090460,전기·전자,"비에이치보통주, BH"
비에이치아이,083650,기계·장비,"비에이치아이, BHI Co., LTD."
BF랩스,139050,IT 서비스,"비에프랩스, BFLABS"
비엔케이제2호스팩,473370,금융,"비엔케이제2호기업인수목적, BNK 2 SPECIAL PURPOSE ACQUISITION COMPANY"
비엘팜텍,065170,유통,"비엘팜텍, BL Pharmtech"
비엠티,086670,기계·장비,"비엠티, BMT Co.,Ltd."
비올,335890,의료·정밀기기,"비올, VIOL Co., Ltd."
비유테크놀러지,230980,IT 서비스,"비유테크놀러지, B.U Technology"
BGF에코머티리얼즈,126600,화학,"비지에프에코머티리얼즈, BGFecomaterials"
비츠로셀,082920,전기·전자,"비츠로셀, VITZROCELL Co., Ltd."
비츠로시스,054220,전기·전자,"비츠로시스, VitzroSys., Co. LTD"
비츠로테크,042370,금융,"비츠로테크, Vitzro Tech Co., LTD."
비케이홀딩스,050090,일반서비스,"비케이홀딩스, BK Holdings"
비큐AI,148780,IT 서비스,"비큐에이아이, BECU AI"
비투엔,307870,IT 서비스,"비투엔, B2En"
비트맥스,377030,IT 서비스,"비트맥스, BITMAX"
비트컴퓨터,032850,IT 서비스,"비트컴퓨터, BITComputer"
비트플래닛,049470,IT 서비스,"비트플래닛, BITPLANET"
비피도,238200,음식료·담배,"비피도, BIFIDO. Co. Ltd"
빅솔론,093190,전기·전자,"빅솔론, BIXOLON Co., Ltd"
빅텍,065450,의료·정밀기기,"빅텍, VICTEK. Co., Ltd."
빌리언스,044480,화학,"빌리언스, Billions"
빙그레,005180,음식료·담배,"빙그레보통주, Binggrae"
빛과전자,069540,전기·전자,"빛과전자, LIGHTRON FIBER-OPTIC DEVICES"
빛샘전자,072950,전기·전자,"빛샘전자, VISSEM Electronics Co., Ltd."
삐아,451250,화학,"삐아, BBIA.CO.,LTD."
사람인,143240,IT 서비스,"사람인, Saramin"
사이냅소프트,466410,IT 서비스,"사이냅소프트, Synapsoft Corp."
사조대림,003960,음식료·담배,"사조대림보통주, SAJODAERIM"
사조동아원,008040,음식료·담배,"사조동아원보통주, SAJODONGAONE"
사조산업,007160,음식료·담배,"사조산업보통주, SajoIndustries"
사조씨푸드,014710,음식료·담배,"사조씨푸드보통주, SAJOSEAFOOD"
사조오양,006090,음식료·담배,"사조오양보통주, OYANG"
사토시홀딩스,223310,유통,"사토시홀딩스, Satoshi Holdings"
사피엔반도체,452430,전기·전자,"사피엔반도체, Sapien Semiconductors Inc."
산돌,419120,IT 서비스,"산돌, Sandoll, Inc."
산일전기,062040,전기·전자,"산일전기보통주, SANIL ELECTRIC"
삼기,122350,운송장비·부품,"삼기, SAMKEE CORP."
삼기에너지솔루션즈,419050,운송장비·부품,"삼기에너지솔루션즈, SAMKEE ENERGY SOLUTIONS"
삼륭물산,014970,종이·목재,"삼륭물산, Samryoong"
삼목에스폼,018310,금속,"삼목에스폼, SAMMOK S-FORM CO.,LTD."
삼보모터스,053700,운송장비·부품,"삼보모터스, SAMBO MOTORS CO., LTD."
삼보산업,009620,금속,"삼보산업, SAMBO Industrial Co., Ltd."
삼보판지,023600,종이·목재,"삼보판지, SAMBO CORRUGATED BOARD CO., LTD."
삼부토건,001470,건설,"삼부토건보통주, SambuEngineering&Construction"
삼성E&A,028050,일반서비스,"삼성E&A보통주, SamsungE&A"
삼성FN리츠,448730,부동산,"삼성FN리츠보통주, SamsungFN REIT"
삼성SDI우,006405,전기·전자,"삼성SDI1우선주, SAMSUNG SDI(1P)"
삼성SDI,006400,전기·전자,"삼성SDI보통주, SAMSUNG SDI CO.,LTD."
삼성공조,006660,운송장비·부품,"삼성공조보통주, SamsungClimateControlCo.,Ltd"
삼성스팩10호,0044K0,금융,"삼성기업인수목적10호, SAMSUNG SPECIAL PURPOSE ACQUISITION 10 COMPANY"
삼성스팩11호,0071M0,금융,"삼성기업인수목적11호, SAMSUNG SPECIAL PURPOSE ACQUISITION 11 COMPANY"
삼성물산우B,02826K,유통,"삼성물산1우선주(신형), SAMSUNG C&T CORPORATION(1PB)"
삼성물산,028260,유통,"삼성물산보통주, SAMSUNG C&T CORPORATION"
삼성바이오로직스,207940,제약,"삼성바이오로직스보통주, SAMSUNG BIOLOGICS"
삼성생명,032830,보험,"삼성생명보험보통주, Samsung Life Insurance"
삼성에스디에스,018260,IT 서비스,"삼성에스디에스보통주, SAMSUNG SDS CO., LTD."
삼성전기우,009155,전기·전자,"삼성전기1우선주, SamsungElectroMechanics(1P)"
삼성전기,009150,전기·전자,"삼성전기보통주, SamsungElectroMechanics"
삼성전자우,005935,전기·전자,"삼성전자1우선주, SamsungElectronics(1P)"
삼성전자,005930,전기·전자,"삼성전자보통주, SamsungElectronics"
삼성제약,001360,제약,"삼성제약, SAMSUNG PHARMACEUTICAL"
삼성중공업,010140,운송장비·부품,"삼성중공업보통주, SamsungHeavyIndustries"
삼성증권,016360,증권,"삼성증권보통주, SamsungSecurities"
삼성출판사,068290,오락·문화,"삼성출판사보통주, SAMSUNG PUBLISHING"
삼성카드,029780,기타금융,"삼성카드 보통주, SAMSUNG CARD CO., LTD."
삼성화재우,000815,보험,"삼성화재해상보험1우선주, SamsungFire&MarineInsurance(1P)"
삼성화재,000810,보험,"삼성화재해상보험보통주, SamsungFire&MarineInsurance"
삼아알미늄,006110,금속,"삼아알미늄보통주, SamaAluminium"
삼아제약,009300,제약,"삼아제약, Sam-A Pharm. Co. Ltd"
삼양사우,145995,음식료·담배,"삼양사1우선주, Samyang Corporation(1P)"
삼양사,145990,음식료·담배,"삼양사보통주, Samyang Corporation"
삼양식품,003230,음식료·담배,"삼양식품보통주, SamyangFoods"
삼양엔씨켐,482630,화학,"삼양엔씨켐, SAMYANG NC Chem Corp."
삼양컴텍,484590,금속,"삼양컴텍, SAMYANG COMTECH CO., LTD."
삼양케이씨아이,036670,화학,"삼양케이씨아이, Samyang KCI"
삼양통상,002170,섬유·의류,"삼양통상보통주, SamyangTongsang"
삼양패키징,272550,화학,"삼양패키징보통주, SAMYANG PACKAGING"
삼양홀딩스,000070,기타금융,"삼양홀딩스보통주, SAMYANGHOLDINGS"
3S,060310,의료·정밀기기,"삼에스코리아, 3S KOREA CO., LTD"
삼영무역,002810,유통,"삼영무역보통주, SamyungTrading"
삼영,003720,화학,"삼영보통주, SAMYOUNG"
삼영에스앤씨,361670,전기·전자,"삼영에스앤씨, SAMYOUNG S&C CO., LTD."
삼영엠텍,054540,금속,"삼영엠텍, SAMYOUNG M-TEK CO. LTD."
삼영이엔씨,065570,전기·전자,"삼영이엔씨, Samyung ENC Co., Ltd."
삼영전자,005680,전기·전자,"삼영전자공업보통주, SamyoungElectronics"
삼원강재,023000,운송장비·부품,"삼원강재 보통주, SAMWONSTEEL Co., Ltd."
삼익THK,004380,기계·장비,"삼익THK보통주, SAMICK THK"
삼익악기,002450,기타제조,"삼익악기보통주, SamickMusicalInstruments"
삼익제약,014950,제약,"삼익제약, SAMIK PHARM. Co., LTD."
삼일,032280,운송·창고,"삼일, SamIl"
삼일기업공사,002290,건설,"삼일기업공사, SAMIL ENTERPRISE CO., LTD."
삼일씨엔에스,004440,비금속,"삼일씨엔에스보통주, SAMIL C&S"
삼일제약,000520,제약,"삼일제약보통주, SamilPharmaceutical"
삼정펄프,009770,종이·목재,"삼정펄프 보통주, SAM JUNG PULP CO,.LTD."
삼지전자,037460,전기·전자,"삼지전자, SAMJI ELECTRONICS CO., LTD."
삼진,032750,전기·전자,"삼진, Samjin"
삼진엘앤디,054090,기타제조,"삼진엘앤디, SAMJIN LND COMPANY LIMITED"
삼진제약,005500,제약,"삼진제약보통주, SamjinPharmaceutical"
삼천당제약,000250,제약,"삼천당제약, SAM CHUN DANG PHARM CO. LTD"
삼천리,004690,전기·가스,"삼천리보통주, Samchully"
삼천리자전거,024950,유통,"삼천리자전거, SAMCHULY BICYCLE CO., LTD"
삼표시멘트,038500,비금속,"삼표시멘트, SAMPYO Cement Co., Ltd."
삼현,437730,운송장비·부품,"삼현, SAMHYUN CO.,LTD"
삼현철강,017480,금속,"삼현철강, SAMHYUN STEEL Co., Ltd"
삼호개발,010960,건설,"삼호개발 보통주, Samho Development Co., Ltd."
삼화네트웍스,046390,오락·문화,"삼화네트웍스, SAMHWA NETWORKS Co.,Ltd."
삼화왕관,004450,금속,"삼화왕관보통주, SamhwaCrown&Closure"
삼화전기,009470,전기·전자,"삼화전기보통주, SamwhaElectric"
삼화전자,011230,전기·전자,"삼화전자공업보통주, SamwhaElectronics"
삼화콘덴서,001820,전기·전자,"삼화콘덴서공업보통주, SamwhaCapacitor"
삼화페인트,000390,화학,"삼화페인트공업보통주, SamhwaPaintIndustrial"
상보,027580,화학,"상보, SANG BO Co.,Ltd"
상상인,038540,IT 서비스,"상상인, Sangsangin Co., Ltd."
상상인제4호스팩,452670,금융,"상상인제4호기업인수목적, Sangsangin No.4 Special Purpose Acquisition Company"
상상인증권,001290,증권,"상상인증권보통주, SANGSANGININVESTMENT&SECURITIES"
상신브레이크,041650,운송장비·부품,"상신브레이크보통주, SANGSINBRAKE"
상신이디피,091580,전기·전자,"상신이디피, SANGSIN ENERGY DISPLAY PRECISION CO.,LTD"
상신전자,263810,전기·전자,"상신전자, Sangshin Electronics Co.,Ltd."
상아프론테크,089980,화학,"상아프론테크, SANG-A FRONTEC CO., LTD."
상지건설,042940,건설,"상지건설, Sangji Construction, Inc."
새로닉스,042600,전기·전자,"새로닉스, SERONICS. CO., LTD."
새론오토모티브,075180,운송장비·부품,"새론오토모티브, SaeronAutomotiveCorporation"
새빗켐,107600,화학,"새빗켐, Sebitchem Co., LTD"
샌즈랩,411080,IT 서비스,"샌즈랩, SANDS LAB Inc."
샘씨엔에스,252990,전기·전자,"샘씨엔에스, SEMCNS Co., Ltd."
샘표,007540,기타금융,"샘표보통주, SEMPIO"
샘표식품,248170,음식료·담배,"샘표식품보통주, SEMPIO FOODS"
샤페론,378800,제약,"샤페론, Shaperon Inc."
서남,294630,전기·전자,"서남, SuNAM Co., Ltd."
서린바이오,038070,유통,"서린바이오사이언스, SeouLinBioscience CO., LTD."
서부T&D,006730,일반서비스,"서부티엔디, Seobu T&D Co.,Ltd"
서산,079650,비금속,"서산, Seo San Co. Ltd."
서암기계공업,100660,기계·장비,"서암기계공업, SEOAM MACHINERY INDUSTRY CO., LTD."
서연,007860,기타금융,"서연보통주, SEOYON"
서연이화,200880,운송장비·부품,"서연이화보통주, SEOYONEHWA"
서연탑메탈,019770,기계·장비,"서연탑메탈, SEOYON TOPMETAL CO., LTD."
서울가스,017390,전기·가스,"서울도시가스보통주, SeoulCityGas"
서울리거,043710,유통,"서울리거, SEOULEAGUER CO., LTD."
서울바이오시스,092190,전기·전자,"서울바이오시스, SEOUL VIOSYS CO., LTD."
서울반도체,046890,전기·전자,"서울반도체, SEOUL SEMICONDUCTOR CO., LTD."
서울보증보험,031210,보험,"서울보증보험보통주, Seoul Guarantee Insurance Company"
서울식품우,004415,음식료·담배,"서울식품공업1우선주, SeoulFoodInd(1P)"
서울식품,004410,음식료·담배,"서울식품공업보통주, SeoulFoodInd"
서울옥션,063170,유통,"서울옥션, Seoul Auction Co. Ltd.."
서울전자통신,027040,전기·전자,"서울전자통신, SEOUL ELECTRONICS & TELECOM"
서울제약,018680,제약,"서울제약, SEOUL PHARMA CO., LTD"
서울평가정보,036120,IT 서비스,"서울평가정보, Seoul Information Service"
서원,021050,금속,"서원보통주, Seowon"
서원인텍,093920,전기·전자,"서원인텍, SEOWONINTECH.CO.,LTD"
서전기전,189860,전기·전자,"서전기전, SEOJEON ELECTRIC MACHINERY Co.,Ltd."
서진시스템,178320,전기·전자,"서진시스템, SEOJIN SYSTEM CO., LTD"
서진오토모티브,122690,운송장비·부품,"서진오토모티브, Seojin Automotive Co.,Ltd."
서플러스글로벌,140070,유통,"서플러스글로벌, SurplusGLOBAL,Inc."
서한,011370,건설,"서한, Seohan"
서호전기,065710,전기·전자,"서호전기, Seoho Electric Co.,Ltd."
서흥,008490,화학,"서흥보통주, SUHEUNG"
서희건설,035890,건설,"서희건설, SEOHEE CONSTRUCTION CO., LTD."
석경에이티,357550,화학,"석경에이티, Sukgyung AT Co., Ltd."
선광,003100,운송·창고,"선광, SUN KWANG Co., Ltd"
선도전기,007610,전기·전자,"선도전기보통주, SeondoElectric"
선바이오,067370,제약,"선바이오, SunBio, Inc."
선샤인푸드,217620,일반서비스,"선샤인푸드, Sunshine Food"
SUN&L,002820,종이·목재,"선앤엘보통주, SUN&L"
선익시스템,171090,기계·장비,"선익시스템, SUNIC SYSTEM Co., Ltd."
선진,136490,음식료·담배,"선진보통주, SUNJIN Co., Ltd"
선진뷰티사이언스,086710,화학,"선진뷰티사이언스, SUNJIN BEAUTY SCIENCE CO., LTD."
성광벤드,014620,금속,"성광벤드, SUNG KWANG BEND CO., LTD."
성도이엔지,037350,일반서비스,"성도이엔지, SUNGDO Engineering & Construction"
성문전자우,014915,전기·전자,"성문전자1우선주, SungmoonElectronics(1P)"
성문전자,014910,전기·전자,"성문전자보통주, SungmoonElectronics"
성신양회우,004985,비금속,"성신양회1우선주, SungshinCement(1P)"
성신양회,004980,비금속,"성신양회보통주, SungshinCement"
성안머티리얼스,011300,섬유·의류,"성안머티리얼스보통주, SEONG AN Materials"
성우,458650,전기·전자,"성우, SUNGWOO CO., LTD"
성우전자,081580,전기·전자,"성우전자, SUNGWOO ELECTRONICS CO., LTD."
성우테크론,045300,전기·전자,"성우테크론, SUNGWOO TECHRON COMPANY"
성우하이텍,015750,운송장비·부품,"성우하이텍, SUNGWOO HITECH CO., LTD"
성일하이텍,365340,화학,"성일하이텍, SungEel HiTech Co., Ltd."
성창기업지주,000180,일반서비스,"성창기업지주보통주, SungchangEnterpriseHoldings"
성창오토텍,080470,운송장비·부품,"성창오토텍, SUNGCHANG AUTOTECH CO.,LTD."
성호전자,043260,전기·전자,"성호전자, SUNGHO ELECTRONICS CORP."
세경하이테크,148150,전기·전자,"세경하이테크, Se Gyung Hi Tech Co., Ltd."
세기상사,002420,유통,"세기상사보통주, TheCentury"
세나테크놀로지,061090,전기·전자,"세나테크놀로지, Sena Technologies Co., Ltd."
세니젠,188260,기타제조,"세니젠, SANIGEN Co., Ltd."
세동,053060,운송장비·부품,"세동, SAE DONG CO.LTD"
세림B&G,340440,화학,"세림비앤지, SERIM B&G"
세명전기,017510,금속,"세명전기공업, SemyungElectricMachinery"
세방우,004365,운송·창고,"세방1우선주, SEBANG(1P)"
세방,004360,운송·창고,"세방보통주, SEBANG"
세방전지,004490,전기·전자,"세방전지보통주, SEBANG GLOBAL BATTERY"
세보엠이씨,011560,건설,"세보엠이씨, SEBO MANUFACTURING ENGINEERING CORP."
세아메카닉스,396300,금속,"세아메카닉스, SeA Mechanics Co., LTD."
세아베스틸지주,001430,금속,"세아베스틸지주보통주, SeAH Besteel Holdings Corporation"
세아제강,306200,금속,"세아제강보통주, SeAH Steel Corporation"
세아제강지주,003030,기타금융,"세아제강지주보통주, SeAH Steel Holdings Corporation"
세아특수강,019440,금속,"세아특수강보통주, SeAH SPECIAL STEEL"
세아홀딩스,058650,금속,"세아홀딩스보통주, SeAHHoldings"
세우글로벌,013000,유통,"세우글로벌보통주, Sewooglobal"
세운메디칼,100700,제약,"세운메디칼, SEWOONMEDICAL CO., LTD."
세원물산,024830,운송장비·부품,"세원물산, SewonCorporation"
세원정공,021820,운송장비·부품,"세원정공보통주, SewonPrecisionIndustry"
세이브존I&C,067830,유통,"세이브존I&C보통주, SAVEZONEI&C"
세종메디칼,258830,의료·정밀기기,"세종메디칼, SEJONG MEDICAL Co.Ltd.,"
세종텔레콤,036630,건설,"세종텔레콤, Sejong Telecom, Inc."
세중,039310,IT 서비스,"세중, SEJOONG CO., LTD."
세진중공업,075580,운송장비·부품,"세진중공업보통주, SEJIN HEAVY INDUSTRIES CO., LTD."
세진티에스,067770,전기·전자,"세진티에스, SEJIN T.S CO., LTD."
세코닉스,053450,의료·정밀기기,"세코닉스, SEKONIX CO., LTD."
세토피아,222810,금속,"세토피아, Setopia"
세화피앤씨,252500,화학,"세화피앤씨, SEWHA P&C INC."
센서뷰,321370,전기·전자,"센서뷰, SENSORVIEW CO., LTD."
센코,347000,의료·정밀기기,"센코, SENKO Co.,Ltd."
셀레믹스,331920,제약,"셀레믹스, Celemics, Inc."
셀레스트라,352770,일반서비스,"셀레스트라, Celestra"
셀로맥스사이언스,471820,음식료·담배,"셀로맥스사이언스, Cellromax Science Co., Ltd."
셀루메드,049180,제약,"셀루메드, CELLUMED CO., LTD."
셀리드,299660,일반서비스,"셀리드, Cellid Co., Ltd."
셀바스AI,108860,IT 서비스,"셀바스에이아이, SELVAS AI Inc."
셀바스헬스케어,208370,의료·정밀기기,"셀바스헬스케어, SELVAS Healthcare, Inc."
셀바이오휴먼텍,318160,섬유·의류,"셀바이오휴먼텍, Cell Bio Human Tech Co.,LTD"
셀비온,308430,제약,"셀비온, Cellbion Co., Ltd"
셀트리온,068270,제약,"셀트리온보통주, Celltrion"
셀트리온제약,068760,제약,"셀트리온제약, Celltrion Pharm Inc."
셀피글로벌,068940,전기·전자,"셀피글로벌, Cellfie Global"
소노스퀘어,007720,유통,"소노스퀘어, SONO SQUARE"
소룩스,290690,전기·전자,"소룩스, Solux Co., Ltd."
소마젠,950200,일반서비스,"소마젠, Psomagen, Inc."
소프트센,032680,IT 서비스,"소프트센, SOFTCEN CO., LTD."
소프트센우,032685,IT 서비스,"소프트센1우선주, SOFTCEN CO., LTD.(1P)"
소프트캠프,258790,IT 서비스,"소프트캠프, SOFTCAMP CO., LTD"
손오공,066910,유통,"손오공, SONOKONG CO., LTD."
솔디펜스,215090,의료·정밀기기,"솔디펜스, SolDefense"
솔루스첨단소재1우,33637K,전기·전자,"솔루스첨단소재1우선주, Solus Advanced Materials(1P)"
솔루스첨단소재2우B,33637L,전기·전자,"솔루스첨단소재2우선주(신형), Solus Advanced Materials(2PB)"
솔루스첨단소재,336370,전기·전자,"솔루스첨단소재보통주, Solus Advanced Materials"
솔루엠,248070,전기·전자,"솔루엠보통주, SOLUM"
솔본,035610,일반서비스,"솔본, SOLBORN, Inc."
솔브레인,357780,화학,"솔브레인, Soulbrain Co., Ltd."
솔브레인홀딩스,036830,일반서비스,"솔브레인홀딩스, Soulbrain Holdings Co., Ltd."
솔트룩스,304100,IT 서비스,"솔트룩스, SALTLUX Inc"
솔트웨어,328380,IT 서비스,"솔트웨어, Saltware"
송원산업,004430,화학,"송원산업보통주, SongwonIndustrial"
쇼박스,086980,오락·문화,"쇼박스, SHOWBOX Corp."
수산세보틱스,017550,기계·장비,"수산세보틱스보통주, SOOSAN CEBOTICS"
수산아이앤티,050960,IT 서비스,"수산아이앤티, SOOSAN INT Co., LTD."
수산인더스트리,126720,건설,"수산인더스트리보통주, Soosan Industries"
수성웹툰,084180,기계·장비,"수성웹툰, Soosung Webtoon"
수젠텍,253840,제약,"수젠텍, Sugentech, Inc."
SOOP,067160,IT 서비스,"숲, SOOP"
슈어소프트테크,298830,IT 서비스,"슈어소프트테크, Suresofttech Inc."
슈프리마,236200,전기·전자,"슈프리마, Suprema Inc."
슈프리마에이치큐,094840,전기·전자,"슈프리마에이치큐, Suprema HQ Inc."
슈피겐코리아,192440,기타제조,"슈피겐코리아, Spigen Korea Co., Ltd"
스마트레이더시스템,424960,의료·정밀기기,"스마트레이더시스템, Smart Radar System, Inc."
스맥,099440,기계·장비,"스맥, SMEC CO.,LTD"
SKAI,357880,IT 서비스,"스카이월드와이드, SKAI worldwide"
스코넥,276040,IT 서비스,"스코넥엔터테인먼트, SKONEC ENTERTAINMENT Co., Ltd."
스타에스엠리츠,204210,부동산,"스타에스엠자기관리부동산투자회사보통주, STAR SM Real Estate Investment Trust Incorporated"
스타코링크,060240,운송장비·부품,"스타코링크, STACO LINK"
스타플렉스,115570,화학,"스타플렉스, STARFLEX CO., LTD"
스톤브릿지벤처스,330730,금융,"스톤브릿지벤처스, Stonebridge Ventures, Inc."
스톰테크,352090,화학,"스톰테크, Stormtec Co.,Ltd"
스튜디오산타클로스,204630,오락·문화,"스튜디오 산타클로스 엔터테인먼트, STUDIO SANTA CLAUS ENTERTAINMENT Co., Ltd."
스튜디오드래곤,253450,오락·문화,"스튜디오드래곤 주식회사, Studio Dragon Corporation"
스튜디오미르,408900,오락·문화,"스튜디오미르, Studio Mir Co., LTD."
스튜디오삼익,415380,유통,"스튜디오삼익, Studio Samick Co.,Ltd."
스틱인베스트먼트,026890,기타금융,"스틱인베스트먼트보통주, STIC Investments, Inc."
스페코,013810,기계·장비,"스페코, Speco"
스피어,347700,IT 서비스,"스피어, Sphere"
승일,049830,금속,"승일, SEUNG IL Corporation"
시공테크,020710,일반서비스,"시공테크, SIGONG TECH Co.,Ltd."
시그네틱스,033170,전기·전자,"시그네틱스, Signetics Corp."
시너지이노베이션,048870,의료·정밀기기,"시너지이노베이션, Synergy Innovation Co., Ltd."
시노펙스,025320,전기·전자,"시노펙스, Synopex Inc."
시디즈,134790,기타제조,"시디즈보통주, Sidiz,Inc"
시선AI,340810,IT 서비스,"시선에이아이, SECERN AI"
시스웍,269620,의료·정밀기기,"시스웍, SYSWORK CO., LTD"
CR홀딩스,000480,비금속,"시알홀딩스보통주, CR Holdings"
시지메드텍,056090,의료·정밀기기,"시지메드텍, CG MedTech"
시지트로닉스,429270,전기·전자,"시지트로닉스, Sigetronics, Inc."
시큐레터,418250,IT 서비스,"시큐레터, SecuLetter Co., Ltd."
시큐브,131090,IT 서비스,"시큐브, SECUVE Co., Ltd."
시프트업,462870,IT 서비스,"시프트업보통주, SHIFT UP"
신대양제지,016590,종이·목재,"신대양제지보통주, ShindaeyangPaper"
신도기연,290520,기계·장비,"신도기연, Shindo Eng. Lab., Ltd."
신도리코,029530,전기·전자,"신도리코보통주, SINDOH"
신라교역,004970,"농업, 임업 및 어업","신라교역보통주, Silla"
신라섬유,001000,부동산,"신라섬유, SillaTextile"
신라에스지,025870,유통,"신라에스지, SILLA SG CO., LTD."
신라젠,215600,일반서비스,"신라젠, SillaJen, Inc."
신성델타테크,065350,전기·전자,"신성델타테크, SHINSUNG DELTA TECH CO., LTD"
신성에스티,416180,운송장비·부품,"신성에스티, Shinsung ST Co., Ltd."
신성이엔지,011930,전기·전자,"신성이엔지보통주, SHINSUNG E&G"
신세계,004170,유통,"신세계보통주, Shinsegae Co.,Ltd"
신세계 I&C,035510,IT 서비스,"신세계아이앤씨 보통주, SHINSEGAE INFORMATION & COMMUNICATION Co"
신세계인터내셔날,031430,유통,"신세계인터내셔날보통주, SHINSEGAE INTERNATIONAL"
신세계푸드,031440,일반서비스,"신세계푸드보통주, SHINSEGAE FOOD"
신송홀딩스,006880,유통,"신송홀딩스보통주, SINGSONGHOLDINGS"
신스틸,162300,금속,"신스틸, SHIN STEEL CO.,LTD."
신시웨이,290560,IT 서비스,"신시웨이, SINSIWAY CO., LTD."
신신제약,002800,제약,"신신제약, SINSIN PHARMACEUTICAL CO., LTD."
신영와코루,005800,섬유·의류,"신영와코루보통주, ShinyoungWacoal"
신영증권,001720,증권,"신영증권보통주, ShinyoungSecurities"
신영스팩10호,472220,금융,"신영해피투모로우제10호기업인수목적, Shinyoung HappyTomorrow No.10 Special Purpose Acquisition Company"
신원,009270,섬유·의류,"신원보통주, Shinwon"
신원종합개발,017000,건설,"신원종합개발, ShinwonConstruction"
신일전자,002700,유통,"신일전자보통주, SHINIL ELECTRONICS"
신일제약,012790,제약,"신일제약, SHINIL PHARMACEUTICAL CO., LTD."
신진에스엠,138070,금속,"신진에스엠, SINJIN SM CO., LTD."
신테카바이오,226330,IT 서비스,"신테카바이오, SyntekaBio,Inc."
신풍,002870,유통,"신풍보통주, SHINPOONG INC."
신풍제약우,019175,제약,"신풍제약1우선주, ShinpoongPharmaceutical(1P)"
신풍제약,019170,제약,"신풍제약보통주, ShinpoongPharmaceutical"
신한글로벌액티브리츠,481850,기타금융,"신한글로벌액티브리츠보통주, Shinhan Global Active REIT"
신한지주,055550,기타금융,"신한금융지주회사보통주, ShinhanFinancialGroup Co.,Ltd."
신한서부티엔디리츠,404990,부동산,"신한서부티엔디리츠보통주, SHINHAN SEOBU T&D REIT"
신한알파리츠,293940,부동산,"신한알파리츠보통주, Shinhan Alpha REIT"
신한제11호스팩,452980,금융,"신한제11호기업인수목적, Shinhan 11th Special Purpose Acquisition Company"
신한제12호스팩,474660,금융,"신한제12호기업인수목적, Shinhan 12th Special Purpose Acquisition Company"
신한제13호스팩,474930,금융,"신한제13호기업인수목적, Shinhan 13th Special Purpose Acquisition Company"
신한제14호스팩,487360,금융,"신한제14호기업인수목적, Shinhan 14th Special Purpose Acquisition Company"
신한제15호스팩,487830,금융,"신한제15호기업인수목적, Shinhan 15th Special Purpose Acquisition Company"
신한제16호스팩,496070,금융,"신한제16호기업인수목적, Shinhan 16th Special Purpose Acquisition Company"
신화인터텍,056700,화학,"신화인터텍, SHINWHA INTERTEK CORP."
신화콘텍,187270,전기·전자,"신화콘텍, Shin Hwa Contech Co.,Ltd."
신흥,004080,유통,"신흥보통주, Shinhung"
신흥에스이씨,243840,전기·전자,"신흥에스이씨, SHIN HEUNG ENERGY & ELECTRONICS CO., LTD."
실리콘투,257720,유통,"실리콘투, SILICON 2 Co.,Ltd."
심텍,222800,전기·전자,"심텍, SIMMTECH Co., Ltd."
심텍홀딩스,036710,일반서비스,"심텍홀딩스, SIMMTECH HOLDINGS Co., Ltd."
심플랫폼,444530,IT 서비스,"심플랫폼, Simplatform Co., Ltd."
싸이닉솔루션,234030,전기·전자,"싸이닉솔루션, SYNIC SOLUTION CO., LTD."
싸이맥스,160980,기계·장비,"싸이맥스, CYMECHS Inc."
싸이버원,356890,IT 서비스,"싸이버원, CyberOne Co., Ltd."
싸이토젠,217330,일반서비스,"싸이토젠, Cytogen, Inc."
쌍방울,102280,섬유·의류,"쌍방울, SBW"
써니전자,004770,전기·전자,"써니전자보통주, SunnyElectronics"
썸에이지,208640,IT 서비스,"썸에이지, Thumbage Co., Ltd."
쎄노텍,222420,비금속,"쎄노텍, CENOTEC Co., Ltd"
쎄니트,037760,금속,"쎄니트, CENIT CO., LTD"
쎄크,081180,기계·장비,"쎄크, SEC co.,ltd."
쎄트렉아이,099320,운송장비·부품,"쎄트렉아이, Satrec Initiative Co., Ltd."
쎌바이오텍,049960,제약,"쎌바이오텍, CELL BIOTECH CO ., LTD"
쏘닉스,088280,전기·전자,"쏘닉스, SAWNICS INC."
쏘카,403550,일반서비스,"쏘카보통주, SOCAR"
쏠리드,050890,전기·전자,"쏠리드, Solid, Inc."
쓰리빌리언,394800,일반서비스,"쓰리빌리언, 3billion Inc."
쓰리에이로직스,177900,전기·전자,"쓰리에이로직스, 3ALogics. Inc"
씨메스,475400,기계·장비,"씨메스, CMES Inc."
씨싸이트,109670,섬유·의류,"씨싸이트, C-SITE Co., Ltd."
씨씨에스,066790,오락·문화,"씨씨에스충북방송, KOREA CABLE T.V CHUNG-BUK SYSTEM CO.,LTD."
씨아이에스,222080,기계·장비,"씨아이에스, Creative & Innovative System Corporation"
씨아이테크,004920,전기·전자,"씨아이테크보통주, CITECH"
씨앤씨인터내셔널,352480,화학,"씨앤씨인터내셔널, C&C INTERNATIONAL"
씨앤지하이테크,264660,기계·장비,"씨앤지하이테크, C&G Hi Tech Co., Ltd"
씨앤투스,352700,화학,"씨앤투스, CNTUS"
CNT85,056730,건설,"씨앤티85, CNT85"
씨어스테크놀로지,458870,의료·정밀기기,"씨어스테크놀로지, SEERS TECHNOLOGY"
CS,065770,전기·전자,"씨에스, CS CORPORATION"
씨에스베어링,297090,기계·장비,"씨에스베어링, CS BEARING Co., Ltd."
CSA 코스믹,083660,화학,"씨에스에이코스믹, CSA COSMIC CO., LTD."
씨에스윈드,112610,금속,"씨에스윈드보통주, CS Wind Corporation"
씨엑스아이,900120,금융,"씨엑스아이헬스케어테크놀리지그룹리미티드, CXI Healthcare Technology Group Limited"
씨엔알리서치,359090,일반서비스,"씨엔알리서치, C&R Research"
씨엔플러스,115530,전기·전자,"씨엔플러스, CNPLUS Co., Ltd."
씨유메디칼,115480,의료·정밀기기,"씨유메디칼시스템, CU MEDICAL SYSTEMS Inc."
씨유테크,376290,전기·전자,"씨유테크, CU TECH CORPORATION"
씨이랩,189330,IT 서비스,"씨이랩, XIIlab Co., Ltd"
CJ대한통운,000120,운송·창고,"씨제이대한통운보통주, CJ LOGISTICS"
CJ 바이오사이언스,311690,일반서비스,"씨제이바이오사이언스, CJ Bioscience"
CJ CGV,079160,오락·문화,"씨제이씨지브이 보통주, CJ CGV"
CJ ENM,035760,오락·문화,"씨제이이엔엠, CJ ENM CO., Ltd."
CJ제일제당 우,097955,음식료·담배,"씨제이제일제당 주식회사 1우선주, CJ CheilJedang Corp(1P)"
CJ제일제당,097950,음식료·담배,"씨제이제일제당 주식회사 보통주, CJ CheilJedang Corp"
CJ프레시웨이,051500,유통,"씨제이프레시웨이, CJ Freshway Corporation"
씨젠,096530,제약,"씨젠, Seegene Inc."
CG인바이츠,083790,일반서비스,"씨지인바이츠, CG Invites"
씨케이솔루션,480370,건설,"씨케이솔루션보통주, CK Solution"
씨큐브,101240,화학,"씨큐브, CQV Co., Ltd."
씨티씨바이오,060590,제약,"씨티씨바이오, CTC BIO, INC."
씨티알모빌리티,308170,운송장비·부품,"씨티알모빌리티보통주, CTR Mobility Co.,Ltd."
씨티케이,260930,화학,"씨티케이, CTK"
씨피시스템,413630,화학,"씨피시스템, CP SYSTEM"
아가방컴퍼니,013990,유통,"아가방앤컴퍼니, AGABANG&COMPANY"
아나패스,123860,전기·전자,"아나패스, Anapass, Inc."
아난티,025980,일반서비스,"아난티, Ananti Inc."
아남전자,008700,전기·전자,"아남전자보통주, AnamElectronics"
아모그린텍,125210,전기·전자,"아모그린텍, AMOGREENTECH Co., Ltd."
아모레퍼시픽우,090435,화학,"아모레퍼시픽 1우선주, AMOREPACIFIC CORPORATION(1P)"
아모레퍼시픽,090430,화학,"아모레퍼시픽 보통주, AMOREPACIFIC CORPORATION"
아모레퍼시픽홀딩스우,002795,화학,"아모레퍼시픽홀딩스1우선주, AMOREPACIFIC Holdings(1P)"
아모레퍼시픽홀딩스3우C,00279K,화학,"아모레퍼시픽홀딩스3우선주(전환), AMOREPACIFIC Holdings(3PC)"
아모레퍼시픽홀딩스,002790,화학,"아모레퍼시픽홀딩스보통주, AMOREPACIFIC Holdings"
아모텍,052710,전기·전자,"아모텍, Amotech Co., Ltd."
아미노로직스,074430,제약,"아미노로직스, AMINOLOGICS CO.,LTD."
아미코젠,092040,음식료·담배,"아미코젠, Amicogen, Inc."
아바코,083930,기계·장비,"아바코, AVACO CO.,LTD."
아바텍,149950,전기·전자,"아바텍, AVATEC CO., LTD."
아비코전자,036010,전기·전자,"아비코전자, ABCO ELECTRONICS CO., LTD."
아세아,002030,일반서비스,"아세아보통주, ASIA HOLDINGS"
아세아시멘트,183190,비금속,"아세아시멘트보통주, ASIACEMENT"
아세아제지,002310,종이·목재,"아세아제지보통주, AsiaPaperManufacturing"
아세아텍,050860,기계·장비,"아세아텍, ASIA TECHNOLOGY Co., Ltd."
아센디오,012170,오락·문화,"아센디오보통주, Ascendio"
아셈스,136410,화학,"아셈스, ASSEMS INC."
아스타,246720,제약,"아스타, ASTA Co., Ltd."
아스테라시스,450950,의료·정밀기기,"아스테라시스, ASTERASYS Co., Ltd."
아스트,067390,운송장비·부품,"아스트, AeroSpace Technology of Korea, Inc."
아스플로,159010,기계·장비,"아스플로, ASFLOW CO.,LTD."
아시아경제,127710,IT 서비스,"아시아경제, The Asia Business Daily Co., Ltd."
아시아나IDT,267850,IT 서비스,"아시아나IDT보통주, AsianaIDT"
아시아나항공,020560,운송·창고,"아시아나항공 보통주, Asiana Airlines"
아우딘퓨쳐스,227610,화학,"아우딘퓨쳐스, Outin Futures Co., Ltd."
아우토크립트,331740,IT 서비스,"아우토크립트, Autocrypt Co., Ltd."
아이디스,143160,전기·전자,"아이디스, Intelligent Digital Integrated Security Co., Ltd"
아이디스홀딩스,054800,일반서비스,"아이디스홀딩스, IDIS Holdings Co., Ltd."
아이디피,332370,전기·전자,"아이디피, IDP Corp., Ltd."
아이로보틱스,066430,유통,"아이로보틱스, I-ROBOTICS"
아이마켓코리아,122900,유통,"아이마켓코리아보통주, iMarketKorea Inc."
아이비김영,339950,일반서비스,"아이비김영, IBKIMYOUNG CO.,LTD."
아이비젼웍스,469750,기계·장비,"아이비젼웍스, IVISIONWORKS CO.,LTD."
IBKS제22호스팩,448760,금융,"아이비케이에스제22호기업인수목적, IBKS No.22 Special Purpose Acquisition Company"
IBKS제23호스팩,467930,금융,"아이비케이에스제23호기업인수목적, IBKS No.23 Special Purpose Acquisition Company"
IBKS제24호스팩,469480,금융,"아이비케이에스제24호기업인수목적, IBKS No.24 Special Purpose Acquisition Company"
아이빔테크놀로지,460470,의료·정밀기기,"아이빔테크놀로지, IVIM Technology, Inc."
아이센스,099190,의료·정밀기기,"아이센스, i-SENS, Inc."
아이스크림미디어,461300,IT 서비스,"아이스크림미디어, i-Scream Media CO., LTD."
아이스크림에듀,289010,오락·문화,"아이스크림에듀, i-Scream Edu Co., Ltd."
아이쓰리시스템,214430,전기·전자,"아이쓰리시스템, i3system, Ind."
아이씨디,040910,기계·장비,"아이씨디, ICD Co., Ltd."
아이씨에이치,368600,전기·전자,"아이씨에이치, ICH Co., Ltd."
아이씨티케이,456010,전기·전자,"아이씨티케이, ICTK Co., Ltd."
아이앤씨,052860,전기·전자,"아이앤씨테크놀로지, I&C Technology Co., Ltd."
아이언디바이스,464500,전기·전자,"아이언디바이스, Iron Device Corp."
아이에스동서,010780,비금속,"아이에스동서보통주, IS DONGSEO"
ISC,095340,유통,"아이에스시, ISC Co., LTD."
아이에스티이,212710,전기·전자,"아이에스티이, ISTE Co.,Ltd."
아이에이,038880,전기·전자,"아이에이, iA, Inc."
아이엘,307180,전기·전자,"아이엘, IL"
아이엠,101390,전기·전자,"아이엠, IM CO., LTD"
iM금융지주,139130,기타금융,"아이엠금융지주보통주, iM Financial Group"
아이엠비디엑스,461030,일반서비스,"아이엠비디엑스, IMBdx, Inc."
iMBC,052220,오락·문화,"아이엠비씨, iMBC Co., Ltd."
아이엠티,451220,기계·장비,"아이엠티, IMT Co.,Ltd."
아이윈,090150,운송장비·부품,"아이윈, iWIN"
아이윈플러스,123010,전기·전자,"아이윈플러스, iWIN PLUS"
아이즈비전,031310,통신,"아이즈비전, EYESVISION CORPORATION"
아이지넷,462980,IT 서비스,"아이지넷, Aiji net Inc."
아이진,185490,일반서비스,"아이진, EyeGene,Inc"
아이컴포넌트,059100,전기·전자,"아이컴포넌트, i-Components Co., Ltd"
아이퀘스트,262840,IT 서비스,"아이퀘스트, IQUEST Co., Ltd."
아이큐어,175250,제약,"아이큐어, Icure Pharmaceutical Incorporation"
아이크래프트,052460,IT 서비스,"아이크래프트, iCRAFT Co., Ltd."
아이텍,119830,일반서비스,"아이텍, ITEK, Inc."
아이톡시,052770,IT 서비스,"아이톡시, ITOXI Corp."
아이티센글로벌,124500,IT 서비스,"아이티센글로벌, ITCENGLOBAL"
아이티센씨티에스,031820,IT 서비스,"아이티센씨티에스보통주, ITCENCTS"
아이티센엔텍,010280,IT 서비스,"아이티센엔텍, ITCENENTEC"
아이티센피엔에스,232830,IT 서비스,"아이티센피엔에스, ITCENPNS"
아이티아이즈,372800,IT 서비스,"아이티아이즈, ITEYES Inc."
아이티엠반도체,084850,전기·전자,"아이티엠반도체, ITM Semiconductor Co., Ltd"
아이티켐,309710,제약,"아이티켐, IT-CHEM Co., Ltd."
아이패밀리에스씨,114840,화학,"아이패밀리에스씨, iFamilySC Co., Ltd."
아주스틸,139990,금속,"아주스틸보통주, AJUSTEEL"
아주IB투자,027360,금융,"아주아이비투자, AJU IB INVESTMENT CO., LTD."
아즈텍WB,032080,섬유·의류,"아즈텍더블유비이, AZTECH WB CO., LTD"
아진산업,013310,운송장비·부품,"아진산업, A-JIN INDUSTRY CO.,LTD"
아진엑스텍,059120,전기·전자,"아진엑스텍, AJINEXTEK Co., Ltd."
아진전자부품,009320,운송장비·부품,"아진전자부품보통주, AJIN ELECTRONIC COMPONENTS"
아크솔루션스,203690,종이·목재,"아크솔루션스, Ark Solutions"
아톤,158430,IT 서비스,"아톤, ATON Inc."
아티스트스튜디오,200350,오락·문화,"아티스트스튜디오, Artist Studio"
아티스트컴퍼니,321820,IT 서비스,"아티스트컴퍼니, Artist Company"
안국약품,001540,제약,"안국약품, AHN-GOOK PHARMACEUTICAL Co., Ltd."
안랩,053800,IT 서비스,"안랩, AHNLAB,INC."
안트로젠,065660,유통,"안트로젠, ANTEROGEN CO., LTD."
알로이스,297570,전기·전자,"알로이스, ALOYS Inc."
알루코,001780,금속,"알루코 보통주, ALUKO CO.,LTD."
알리코제약,260660,제약,"알리코제약, KOREA ARLICO PHARM CO.,LTD."
알멕,354320,금속,"알멕, ALMAC CO.,LTD"
알비더블유,361570,오락·문화,"알비더블유, RBW Inc."
알서포트,131370,IT 서비스,"알서포트, RSUPPORT Co., Ltd."
알에스오토메이션,140670,전기·전자,"알에스오토메이션, RS Automation Co., Ltd."
RF머트리얼즈,327260,전기·전자,"알에프머트리얼즈, RF Materials"
알에프세미,096610,전기·전자,"알에프세미, RFsemi Technologies,Inc."
RF시스템즈,474610,금속,"알에프시스템즈, RF Systems Co., Ltd."
RFHIC,218410,전기·전자,"알에프에이치아이씨, RFHIC CORPORATION"
알에프텍,061040,전기·전자,"알에프텍, RFTECH CO., LTD"
알엔투테크놀로지,148250,전기·전자,"알엔투테크놀로지, RN2 Technologies Co., Ltd."
알체라,347860,IT 서비스,"알체라, Alchera Inc."
알테오젠,196170,일반서비스,"알테오젠, Alteogen Inc."
알톤,123750,운송장비·부품,"알톤, Alton"
알트,459550,전기·전자,"알트, ALT Co., Ltd."
알티캐스트,085810,IT 서비스,"알티캐스트, Alticast Corporation"
알파녹스,043100,의료·정밀기기,"알파녹스, Alphanox"
알파칩스,117670,전기·전자,"알파칩스, Alphachips"
알피바이오,314140,제약,"알피바이오, RPbio Inc."
압타머사이언스,291650,일반서비스,"압타머사이언스, Aptamer Sciences Inc"
압타바이오,293780,일반서비스,"압타바이오, Aptabio Therapeutics Inc."
애경산업,018250,화학,"애경산업보통주, AEKYUNG INDUSTRIAL"
애경케미칼,161000,화학,"애경케미칼보통주, AEKYUNG CHEMICAL"
애니플러스,310200,오락·문화,"애니플러스, ANIPLUS INC."
애드바이오텍,179530,제약,"애드바이오텍, ADBIOTECH Co.,Ltd."
애드포러스,397810,일반서비스,"애드포러스, ADforus Co., Ltd."
애머릿지,900100,유통,"애머릿지코퍼레이션, Ameridge Corporation"
액토즈소프트,052790,IT 서비스,"액토즈소프트, ACTOZ SOFT CO., LTD."
액트로,290740,전기·전자,"액트로, ActRo"
앤디포스,238090,화학,"앤디포스, NDFOS Co., Ltd."
앤씨앤,092600,전기·전자,"앤씨앤, NC& Co., Ltd."
앱코,129890,전기·전자,"앱코, ABKO CO., LTD."
앱클론,174900,제약,"앱클론 주식회사, AbClon Inc."
앱토크롬,109960,유통,"앱토크롬, APTOCROM"
앱튼,270520,일반서비스,"앱튼, APTN"
야스,255440,기계·장비,"야스, YAS Co., Ltd"
양지사,030960,출판·매체복제,"양지사, Yangjisa"
어보브반도체,102120,전기·전자,"어보브반도체, ABOV Semiconductor Co.,Ltd."
얼라인드,238120,의료·정밀기기,"얼라인드제네틱스, Aligned Genetics, Inc."
에너토크,019990,기계·장비,"에너토크, ENERTORK LTD."
에넥스,011090,기타제조,"에넥스보통주, Enex"
에르코스,435570,음식료·담배,"에르코스 농업회사법인, ERCOHS Agricultural Corporation Co., Ltd."
에브리봇,270660,전기·전자,"에브리봇 주식회사, EVERYBOT Inc."
에스넷,038680,IT 서비스,"에스넷시스템, S NET SYSTEMS.Inc"
에스디바이오센서,137310,의료·정밀기기,"에스디바이오센서보통주, SD Biosensor"
에스디생명공학,217480,화학,"에스디생명공학, SD BIOTECHNOLOGIES CO., LTD."
에스디시스템,121890,전기·전자,"에스디시스템, SD system Co., Ltd"
SDN,099220,유통,"에스디엔, SDN Company Ltd."
에스바이오메딕스,304360,제약,"에스바이오메딕스, S.Biomedics Co., Ltd."
SV인베스트먼트,289080,금융,"에스브이인베스트먼트, SV INVESTMENT CORPORATION"
에스비비테크,389500,기계·장비,"에스비비테크, SBB TECH Co., Ltd."
SB성보,003080,화학,"에스비성보보통주, SBSUNGBO"
SBI인베스트먼트,019550,금융,"에스비아이인베스트먼트, SBI Investment KOREA Co., Ltd."
SBS,034120,오락·문화,"에스비에스보통주, SEOULBROADCASTINGSYSTEM"
에스씨디,042110,전기·전자,"에스씨디, SCD CO.,LTD."
SCL사이언스,246960,제약,"에스씨엘사이언스, SCL Science"
에스씨엠생명과학,298060,제약,"에스씨엠생명과학, SCM Lifescience Co., Ltd."
에스아이리소스,065420,화학,"에스아이리소스, SI RESOURCES CO.,LTD."
에스앤더블류,103230,기계·장비,"에스앤더블류, S&W Corporation"
에스앤디,260970,음식료·담배,"에스앤디, S&D Co., Ltd"
에스앤에스텍,101490,전기·전자,"에스앤에스텍, S&S TECH CORPORATION"
에스에너지,095910,전기·전자,"에스에너지, S-Energy CO., LTD."
에스에스알,275630,IT 서비스,"에스에스알, SSR Inc."
SAMG엔터,419530,오락·문화,"에스에이엠지엔터테인먼트, SAMG ENTERTAINMENT CO.,LTD"
에스에이엠티,031330,유통,"에스에이엠티, SAMT CO.,LTD."
에스에이티,060540,의료·정밀기기,"에스에이티, System and Application Technologies Inc."
에스에프에이,056190,기계·장비,"에스에프에이, SFA Engineering Corporation"
SFA반도체,036540,전기·전자,"에스에프에이반도체, SFA Semicon Co., Ltd"
에스엔시스,0008Z0,전기·전자,"에스엔시스, S&SYS CO.,LTD"
S&K폴리텍,091340,전기·전자,"에스엔케이폴리텍, S&K POLYTEC CO., LTD."
에스엘,005850,운송장비·부품,"에스엘보통주, SLCORPORATION"
에스엘에스바이오,246250,일반서비스,"에스엘에스바이오, SLSBio(Specialty Lab Solution Bio) Co., Ltd"
SM Life Design,063440,출판·매체복제,"에스엠라이프디자인그룹, SM Life Design Group Co., Ltd."
에스엠벡셀,010580,운송장비·부품,"에스엠벡셀보통주, SM BEXEL CO.,LTD."
에스엠씨지,460870,비금속,"에스엠씨지, SMCG CO.,Ltd"
에스엠,041510,오락·문화,"에스엠엔터테인먼트, SM ENTERTAINMENT CO., Ltd."
SM C&C,048550,일반서비스,"에스엠컬처앤콘텐츠, SM Culture & Contents Co., Ltd."
에스엠코어,007820,기계·장비,"에스엠코어, SMCore.Inc"
에스오에스랩,464080,의료·정밀기기,"에스오에스랩, SOS LAB Co., Ltd."
에스와이,109610,금속,"에스와이, SY CO., LTD."
에스와이스틸텍,365330,금속,"에스와이스틸텍, SY STEEL TECH, Inc."
에스원,012750,일반서비스,"에스원보통주, S-1"
에스제이그룹,306040,섬유·의류,"에스제이그룹, SJ Group Co., Ltd."
SJG세종,033530,운송장비·부품,"에스제이지세종보통주, SJG SEJONG CO.,LTD."
SG세계물산,004060,유통,"에스지세계물산보통주, SGCORPORATION"
SGC E&C,016250,건설,"에스지씨이앤씨, SGC E&C"
SGA솔루션즈,184230,IT 서비스,"에스지에이 솔루션즈, SGA Solutions Co.,Ltd."
SG&G,040610,운송장비·부품,"에스지엔지, SG&G Corporation"
SG,255220,비금속,"에스지이, SG CO., LTD."
에스지헬스케어,398120,의료·정밀기기,"에스지헬스케어, SGHEALTHCARE CO.,LTD."
SK디스커버리우,006125,기타금융,"에스케이디스커버리1우선주, SK Discovery Co.,Ltd.(1P)"
SK디스커버리,006120,기타금융,"에스케이디스커버리보통주, SK Discovery Co.,Ltd."
SK바이오사이언스,302440,제약,"에스케이바이오사이언스보통주, SK BIOSCIENCE"
SK바이오팜,326030,일반서비스,"에스케이바이오팜보통주, SK BIOPHARMACEUTICALS"
SK이터닉스,475150,건설,"에스케이이터닉스보통주, SK eternix"
에스케이증권제10호스팩,457940,금융,"에스케이증권제10호기업인수목적, SK Securities No.10 Special Purpose Acquisition Company"
에스케이증권제11호스팩,472230,금융,"에스케이증권제11호기업인수목적, SK Securities No.11 Special Purpose Acquisition Company"
에스케이증권제12호스팩,473000,금융,"에스케이증권제12호기업인수목적, SK Securities No.12 Special Purpose Acquisition Company"
에스케이증권제13호스팩,473950,금융,"에스케이증권제13호기업인수목적, SK Securities No.13 Special Purpose Acquisition Company"
에스케이증권제9호스팩,455910,금융,"에스케이증권제9호기업인수목적, SK Securities No.9 Special Purpose Acquisition Company"
SK하이닉스,000660,전기·전자,"에스케이하이닉스보통주, SK hynix"
에스켐,475660,화학,"에스켐, S-CHEM"
에스코넥,096630,전기·전자,"에스코넥, S Connect Co., LTD"
에스텍,069510,전기·전자,"에스텍, ESTec Corporation"
에스투더블유,488280,IT 서비스,"에스투더블유, S2W Inc."
에스트래픽,234300,IT 서비스,"에스트래픽, STraffic Co., Ltd."
에스티아이,039440,기계·장비,"에스티아이, Systems Technology Incorporated"
에스티오,098660,섬유·의류,"에스티오, STO Co., Ltd."
에스티큐브,052020,유통,"에스티큐브, STCUBE"
에스티팜,237690,제약,"에스티팜, ST Pharm Co., Ltd."
에스폴리텍,050760,화학,"에스폴리텍, S POLYTECH CO.,LTD."
에스퓨얼셀,288620,전기·전자,"에스퓨얼셀, S-Fuelcell Co., Ltd."
에스피소프트,443670,유통,"에스피소프트, SPSoft Inc."
에스피시스템스,317830,기계·장비,"에스피시스템스, SP SYSTEMS CO.,LTD."
에스피지,058610,전기·전자,"에스피지, SPG CO., LTD"
에쎈테크,043340,기계·장비,"에쎈테크, ESSEN TECH CO., LTD."
에쓰씨엔지니어링,023960,건설,"에쓰씨엔지니어링보통주, SC ENGINEERING"
에어레인,163280,기계·장비,"에어레인, Airrane Co., Ltd."
에어부산,298690,운송·창고,"에어부산보통주, AirBusan"
에이디칩스,054630,기타제조,"에이디칩스, Advanced Digital Chips Inc."
에이디테크놀로지,200710,전기·전자,"에이디테크놀로지, ADTechnology Co., Ltd."
에이럭스,475580,기타제조,"에이럭스, ALUX Co., Ltd."
에이루트,096690,전기·전자,"에이루트, Aroot Co., Ltd."
에이블씨엔씨,078520,화학,"에이블씨엔씨보통주, ABLE C&C"
에이비엘바이오,298380,제약,"에이비엘바이오, ABL Bio Inc."
에이비온,203400,일반서비스,"에이비온, ABION Inc."
에이비프로바이오,195990,기계·장비,"에이비프로바이오, Abpro Bio Co., Ltd."
에이스침대,003800,기타제조,"에이스침대, AceBed"
에이스테크,088800,전기·전자,"에이스테크놀로지, Ace Technologies Corp."
에이스토리,241840,오락·문화,"에이스토리, ASTORY Co., Ltd."
에이아이코리아,364950,기계·장비,"에이아이코리아, AI Korea Co., Ltd."
에이에스텍,453860,화학,"에이에스텍, ASTech Co., Ltd."
에이에프더블류,312610,전기·전자,"에이에프더블류, A.F.W Co., Ltd"
에이엔피,015260,전기·전자,"에이엔피보통주, AUTOMOBILE&PCB"
에이엘티,172670,전기·전자,"에이엘티, ALT Co.,Ltd."
에이유브랜즈,481070,유통,"에이유브랜즈, AU BRANDZ Co., Ltd"
에이리츠,140910,부동산,"에이자기관리부동산투자회사보통주, A SELF-ADMINISTERED REAL ESTATE INVESTMENT TRUST INC."
에이직랜드,445090,전기·전자,"에이직랜드, ASICLAND Co.,Ltd"
HDC랩스,039570,건설,"에이치디씨랩스보통주, HDCLABS"
HDC현대EP,089470,화학,"에이치디씨현대이피보통주, HDC Hyundai Engineering Plastics"
HD한국조선해양,009540,기타금융,"에이치디한국조선해양보통주, HD KOREA SHIPBUILDING & OFFSHORE ENGINEERING"
HD현대건설기계,267270,기계·장비,"에이치디현대건설기계보통주, HD Hyundai Construction Equipment"
HD현대마린솔루션,443060,일반서비스,"에이치디현대마린솔루션보통주, HD HYUNDAI MARINE SOLUTION CO., LTD"
HD현대마린엔진,071970,기계·장비,"에이치디현대마린엔진보통주, HD-Hyundai Marine Engine"
HD현대미포,010620,운송장비·부품,"에이치디현대미포보통주, HD HYUNDAI MIPO"
HD현대,267250,기타금융,"에이치디현대보통주, HD HYUNDAI"
HD현대에너지솔루션,322000,전기·전자,"에이치디현대에너지솔루션보통주, HD HYUNDAI ENERGY SOLUTIONS CO.,LTD."
HD현대인프라코어,042670,기계·장비,"에이치디현대인프라코어보통주, HD Hyundai Infracore"
HD현대일렉트릭,267260,전기·전자,"에이치디현대일렉트릭보통주, HD HYUNDAI ELECTRIC"
HD현대중공업,329180,운송장비·부품,"에이치디현대중공업보통주, HD HYUNDAI HEAVY INDUSTRIES"
에이치브이엠,295310,금속,"에이치브이엠, HVM CO.,LTD."
HB솔루션,297890,기계·장비,"에이치비솔루션, HB SOLUTION"
HB인베스트먼트,440290,금융,"에이치비인베스트먼트, HB Investment, Inc."
HB테크놀러지,078150,기계·장비,"에이치비테크놀러지, HB Technology CO.,LTD."
에이치시티,072990,일반서비스,"에이치시티, HCT"
HC보광산업,225530,비금속,"에이치씨보광산업, HC BoKwang Industry"
HC홈센타,060560,유통,"에이치씨홈센타, HC HomeCenter"
HRS,036640,화학,"에이치알에스, HRS Co., Ltd"
HS화성,002460,건설,"에이치에스화성보통주, HS HWASUNG"
HS효성,487570,기타금융,"에이치에스효성보통주, HSHYOSUNG"
HS효성첨단소재,298050,화학,"에이치에스효성첨단소재보통주, HS HYOSUNG ADVANCED MATERIALS"
에이치엔에스하이텍,044990,전기·전자,"에이치엔에스하이텍, H&SHigh Tech Corp."
HLB,028300,제약,"에이치엘비, HLB INC."
HLB글로벌,003580,유통,"에이치엘비글로벌보통주, HLB GLOBAL Co., Ltd."
HLB바이오스텝,278650,일반서비스,"에이치엘비바이오스텝, HLBbioStep"
HLB생명과학,067630,제약,"에이치엘비생명과학, HLB Life Science"
HLB제넥스,187420,제약,"에이치엘비제넥스, HLB Genex"
HLB제약,047920,일반서비스,"에이치엘비제약, HLB PHARMACEUTICAL"
HLB테라퓨틱스,115450,유통,"에이치엘비테라퓨틱스, HLB Therapeutics"
HLB파나진,046210,제약,"에이치엘비파나진, HLB PANAGENE"
HLB펩,196300,제약,"에이치엘비펩, HLB Pep"
에이치엘사이언스,239610,음식료·담배,"에이치엘사이언스, HLSCIENCE Co., LTD"
에이치엠넥스,036170,전기·전자,"에이치엠넥스, HMNEX"
에이치엠씨제6호스팩,462020,금융,"에이치엠씨아이비제6호기업인수목적, HMCIB No.6 Special Purpose Acquisition Company"
에이치엠씨제7호스팩,477340,금융,"에이치엠씨아이비제7호기업인수목적, HMCIB No.7 Special Purpose Acquisition Company"
HMM,011200,운송·창고,"에이치엠엠보통주, HMM"
에이치와이티씨,148930,금속,"에이치와이티씨, HYTC CO., LTD"
에이치이엠파마,376270,일반서비스,"에이치이엠파마, HEM Pharma Inc."
에이치케이,044780,기계·장비,"에이치케이, HK CO., LTD."
HK이노엔,195940,제약,"에이치케이이노엔, HK inno.N Corporation"
HPSP,403870,기계·장비,"에이치피에스피, HPSP Co., Ltd."
에이치피오,357230,음식료·담배,"에이치피오, H.PIO Co.,Ltd"
에이텀,355690,전기·전자,"에이텀, ATUM CO., LTD."
에이테크솔루션,071670,기계·장비,"에이테크솔루션, A-Tech Solution CO., LTD."
에이텍,045660,전기·전자,"에이텍, ATEC CO.,Ltd"
에이텍모빌리티,224110,전기·전자,"에이텍모빌리티, ATEC MOBILITY"
에이티넘인베스트,021080,금융,"에이티넘인베스트먼트, Atinum Investment Co., Ltd"
에이팩트,200470,전기·전자,"에이팩트, APACT Co., Ltd."
에이프로,262260,전기·전자,"에이프로, A PRO Co., LTD"
에이프로젠바이오로직스,003060,제약,"에이프로젠바이오로직스보통주, Aprogen Biologics"
에이프로젠,007460,금속,"에이프로젠보통주, Aprogen"
에이프릴바이오,397030,일반서비스,"에이프릴바이오, AprilBio Co.,Ltd."
에이플러스에셋,244920,기타금융,"에이플러스에셋보통주, A Plus Asset"
AP시스템,265520,기계·장비,"에이피시스템, Advanced Process Systems Corporation"
에이피알,278470,화학,"에이피알보통주, APR"
APS,054620,금융,"에이피에스, APS"
AP위성,211270,전기·전자,"에이피위성, Asia Pacific Satellite Inc."
에치에프알,230240,전기·전자,"에치에프알, HFR, Inc."
에코글로우,159910,화학,"에코글로우, EcoGlow"
에코마케팅,230360,일반서비스,"에코마케팅, ECHOMARKETING Co.,Ltd."
에코바이오,038870,일반서비스,"에코바이오홀딩스, EcoBio Holdings Co., Ltd."
에코볼트,097780,운송장비·부품,"에코볼트, Eco Volt"
에코아이,448280,일반서비스,"에코아이, ECOEYE CO., LTD."
에코앤드림,101360,화학,"에코앤드림, Eco&Dream"
에코캡,128540,운송장비·부품,"에코캡, ECOCAB CO., LTD."
에코프로,086520,금융,"에코프로, ECOPRO CO., LTD"
에코프로머티,450080,전기·전자,"에코프로머티보통주, ECOPRO MATERIALS"
에코프로비엠,247540,전기·전자,"에코프로비엠, ECOPRO BM CO., LTD."
에코프로에이치엔,383310,화학,"에코프로에이치엔, ECOPRO HN CO., LTD"
에코플라스틱,038110,운송장비·부품,"에코플라스틱, ECOPLASTIC CORPORATION"
에프알텍,073540,전기·전자,"에프알텍, FRTEK CO., LTD."
에프앤가이드,064850,IT 서비스,"에프앤가이드, FnGuide Inc."
FSN,214270,IT 서비스,"에프에스엔, FSN"
에프에스티,036810,전기·전자,"에프에스티, FINE SEMITECH Corp."
에프엔씨엔터,173940,오락·문화,"에프엔씨엔터테인먼트, FNC ENTERTAINMENT Co., Ltd."
에프엔에스테크,083500,기계·장비,"에프엔에스테크, FNS TECH. Co.,Ltd."
엑사이엔씨,054940,건설,"엑사이엔씨, EXA E&C, Inc"
엑세스바이오,950130,제약,"엑세스바이오, Access Bio, Inc."
엑셀세라퓨틱스,373110,제약,"엑셀세라퓨틱스, Xcell Therapeutics Inc."
엑셈,205100,IT 서비스,"엑셈, EXEM CO., LTD."
엑스게이트,356680,IT 서비스,"엑스게이트, AXGATE Co., Ltd."
엑스큐어,070300,IT 서비스,"엑스큐어, Xcure Corp."
엑스페릭스,317770,전기·전자,"엑스페릭스, Xperix"
엑스플러스,373200,기타제조,"엑스플러스, Xplus Inc."
엑시온그룹,069920,유통,"엑시온그룹, Exion Group"
엑시콘,092870,기계·장비,"엑시콘, Exicon Co., Ltd."
엑시큐어하이트론,019490,전기·전자,"엑시큐어하이트론보통주, EXICURE HITRON INC."
엔바이오니아,317870,기타제조,"엔바이오니아, Envioneer Co., Ltd."
엔브이에이치코리아,067570,운송장비·부품,"엔브이에이치코리아, NVH KOREA INC."
엔비티,236810,일반서비스,"엔비티, NBT INC."
엔시스,333620,전기·전자,"엔시스, Nsys Co., Ltd."
엔시트론,101400,전기·전자,"엔시트론, N CITRON, INC."
엔씨소프트,036570,IT 서비스,"엔씨소프트보통주, NCsoftCorporation"
엔알비,475230,금속,"엔알비, NRB, inc"
엔에스이엔엠,078860,오락·문화,"엔에스이엔엠, NS ENM"
엔에이치스팩29호,451700,금융,"엔에이치기업인수목적29호, NH SPECIAL PURPOSE ACQUISITION 29 COMPANY"
엔에이치스팩30호,466910,금융,"엔에이치기업인수목적30호, NH SPECIAL PURPOSE ACQUISITION 30 COMPANY"
엔에이치스팩31호,481890,금융,"엔에이치기업인수목적31호, NH SPECIAL PURPOSE ACQUISITION 31 COMPANY"
NHN벅스,104200,IT 서비스,"엔에이치엔벅스, NHN BUGS Corporation"
NHN KCP,060250,금융,"엔에이치엔케이씨피, NHN KCP"
NH올원리츠,400760,부동산,"엔에이치올원리츠보통주, NHALLONEREIT"
NH투자증권우,005945,증권,"엔에이치투자증권1우선주, NH INVESTMENT & SECURITIES(1P)"
NH투자증권,005940,증권,"엔에이치투자증권보통주, NH INVESTMENT & SECURITIES"
엔에프씨,265740,화학,"엔에프씨, NFC Corporation"
NE능률,053290,오락·문화,"엔이능률, NE Neungyule, Inc."
엔젠바이오,354200,일반서비스,"엔젠바이오, NGeneBio Co., Ltd."
엔젤로보틱스,455900,기계·장비,"엔젤로보틱스, ANGEL ROBOTICS Co., Ltd."
엔젯,419080,기계·장비,"엔젯, ENJET Co.,LTD"
엔지스테크널러지,208860,IT 서비스,"엔지스테크널러지, EnGIS Technologies, Inc."
엔지켐생명과학,183490,제약,"엔지켐생명과학, ENZYCHEM LIFESCIENCES CORPORATION"
엔케이,085310,금속,"엔케이 보통주, NK"
엔케이맥스,182400,제약,"엔케이맥스, NKMAX Co., Ltd."
엔켐,348370,화학,"엔켐, Enchem Co., Ltd."
엔텔스,069410,IT 서비스,"엔텔스, nTels Co., Ltd."
엔투텍,227950,기계·장비,"엔투텍, N2TECH CO.,LTD"
엔피,291230,일반서비스,"엔피, NP"
NPX,222160,기계·장비,"엔피엑스, NPX"
엔피케이,048830,화학,"엔피케이, NPK CO., LTD"
엘디티,096870,전기·전자,"엘디티, LDT Inc."
엘브이엠씨홀딩스,900140,유통,"엘브이엠씨홀딩스보통주, LVMC Holdings"
LB세미콘,061970,전기·전자,"엘비세미콘, LB SEMICON"
LB인베스트먼트,309960,금융,"엘비인베스트먼트, LB Investment Inc."
엘앤씨바이오,290650,제약,"엘앤씨바이오, L&C BIO"
엘앤에프,066970,전기·전자,"엘앤에프보통주, L&F"
엘앤케이바이오,156100,의료·정밀기기,"엘앤케이바이오메드, L&K BIOMED CO., LTD."
엘에스스팩1호,0041J0,금융,"엘에스기업인수목적1호, LS Special Purpose Acquisition No1 Company"
LS마린솔루션,060370,건설,"엘에스마린솔루션, LS Marine Solution"
LS머트리얼즈,417200,전기·전자,"엘에스머트리얼즈, LS Materials Co.,Ltd."
LS증권,078020,금융,"엘에스증권, LS SECURITIES"
LS티라유텍,322180,IT 서비스,"엘에스티라유텍, LS THiRA-UTECH"
LX하우시스우,108675,화학,"엘엑스하우시스1우선주, LX HAUSYS, LTD.(1P)"
LX하우시스,108670,화학,"엘엑스하우시스보통주, LX HAUSYS, LTD."
LX홀딩스1우,38380K,기타금융,"엘엑스홀딩스1우선주, LX HOLDINGS(1P)"
LX홀딩스,383800,기타금융,"엘엑스홀딩스보통주, LX HOLDINGS"
엘엠에스,073110,전기·전자,"엘엠에스, LMS Co.,Ltd."
엘오티베큠,083310,기계·장비,"엘오티베큠, LOT Vacuum. Co., Ltd."
LG씨엔에스,064400,IT 서비스,"엘지씨엔에스보통주, LG CNS"
LG헬로비전,037560,오락·문화,"엘지헬로비전보통주, LG HelloVision"
엘컴텍,037950,전기·전자,"엘컴텍, ELCOMTEC CO.,LTD"
LK삼양,225190,의료·정밀기기,"엘케이삼양, LK SAMYANG"
엘케이켐,489500,화학,"엘케이켐, LK CHEM Co., Ltd."
엘티씨,170920,화학,"엘티씨, LTC Co., LTD."
M83,476080,오락·문화,"엠83, M eighty-three Co.,Ltd."
엠게임,058630,IT 서비스,"엠게임, Mgame Corp."
엠디바이스,226590,전기·전자,"엠디바이스, Mdevice Co., Ltd"
엠로,058970,IT 서비스,"엠로, EMRO., Incorporated"
엠씨넥스,097520,전기·전자,"엠씨넥스보통주, MCNEX Co.,Ltd."
엠아이큐브솔루션,373170,IT 서비스,"엠아이큐브솔루션, MICUBE SOLUTION, INC."
엠아이텍,179290,의료·정밀기기,"엠아이텍, MITECH CO., LTD."
엠앤씨솔루션,484870,기계·장비,"엠앤씨솔루션보통주, MNC Solution"
엠에스씨,009780,음식료·담배,"엠에스씨, MSC"
엠에스오토텍,123040,운송장비·부품,"엠에스오토텍, MS AUTOTECH COMPANY, LIMITED"
엠에프씨,432980,제약,"엠에프씨, MFC Co., Ltd."
엠오티,413390,기계·장비,"엠오티, MOT Co.,Ltd."
엠젠솔루션,032790,유통,"엠젠솔루션, MGEN SOLUTIONS"
엠케이전자,033160,전기·전자,"엠케이전자, MKElectron"
엠투아이,347890,의료·정밀기기,"엠투아이코퍼레이션, M2I CORPORATION"
엠투엔,033310,전기·전자,"엠투엔, M2N Co.,Ltd"
엠플러스,259630,기계·장비,"엠플러스, mPlus Corp"
엣지파운드리,105550,전기·전자,"엣지파운드리, Edge Foundry"
영림원소프트랩,060850,IT 서비스,"영림원소프트랩, YoungLimWon SoftLab. Co., Ltd."
영보화학,014440,화학,"영보화학보통주, YoungboChemical"
영우디에스피,143540,기계·장비,"영우디에스피, YoungWoo DSP Co.,Ltd."
영원무역,111770,유통,"영원무역보통주, Youngone Corporation"
영원무역홀딩스,009970,기타금융,"영원무역홀딩스보통주, YoungoneHoldings"
영진약품,003520,제약,"영진약품보통주, YUNGJIN PHARM"
영풍,000670,금속,"영풍보통주, Youngpoong"
영화금속,012280,운송장비·부품,"영화금속보통주, YeonghwaMetal"
영화테크,265560,운송장비·부품,"영화테크, Younghwa Tech Co., Ltd."
영흥,012160,금속,"영흥보통주, YOUNGWIRE"
예림당,036000,오락·문화,"예림당, YeaRimDang Publishing Co., Ltd."
예선테크,250930,화학,"예선테크, YeSUN Tech Co., Ltd."
예스24,053280,유통,"예스이십사, YES24 Co.,Ltd"
예스티,122640,기계·장비,"예스티, YEST Co.,Ltd."
오가노이드사이언스,476040,일반서비스,"오가노이드사이언스, ORGANOIDSCIENCES LTD."
오가닉티코스메틱,900300,금융,"오가닉티코스메틱스홀딩스컴퍼니리미티드, ORGANIC TEA COSMETICS HOLDINGS COMPANY LIMITED"
오공,045060,화학,"오공, OKONG Corporation"
오늘이엔엠,192410,전기·전자,"오늘이엔엠, ONEUL E&M"
오디텍,080520,전기·전자,"오디텍, ODTech"
오뚜기,007310,음식료·담배,"오뚜기보통주, OTOKI"
오로라,039830,일반서비스,"오로라월드, AURORA WORLD Corporation"
오로스테크놀로지,322310,기계·장비,"오로스테크놀로지, AUROS TECHNOLOGY, INC."
오르비텍,046120,일반서비스,"오르비텍, Orbitech Co., Ltd."
오름테라퓨틱,475830,제약,"오름테라퓨틱, Orum Therapeutics, Inc."
오리엔탈정공,014940,기계·장비,"오리엔탈정공, ORIENTAL PRECISION & ENGINEERING CO.,LTD"
오리엔트바이오,002630,제약,"오리엔트바이오보통주, ORIENTBIO"
오리엔트정공,065500,운송장비·부품,"오리엔트정공, Orient Precision Industries Inc."
오리온,271560,음식료·담배,"오리온보통주, ORION"
오리온홀딩스,001800,기타금융,"오리온홀딩스보통주, ORION Holdings"
오리콤,010470,일반서비스,"오리콤, ORICOM Inc."
오브젠,417860,IT 서비스,"오브젠, OBZEN Inc."
오비고,352910,IT 서비스,"오비고, Obigo Inc."
오상자이엘,053980,IT 서비스,"오상자이엘, OSANGJAIEL Co., Ltd"
오상헬스케어,036220,의료·정밀기기,"오상헬스케어, OSANG HEALTHCARE CO.,LTD"
오성첨단소재,052420,화학,"오성첨단소재, OSUNG ADVANCED MATERIALS CO., LTD."
오션인더블유,052300,유통,"오션인더블유, Ocean In W"
오스코텍,039200,제약,"오스코텍, OSCOTEC Inc."
오스템,031510,운송장비·부품,"오스템, AUSTEM CO.,LTD"
OCI홀딩스,010060,기타금융,"오씨아이홀딩스보통주, OCI Holdings Company Ltd."
오아,342870,유통,"오아, OA Co., Ltd."
오에스피,368970,음식료·담배,"오에스피, OSP Co., Ltd"
오이솔루션,138080,전기·전자,"오이솔루션, OE Solutions Co., Ltd."
오킨스전자,080580,전기·전자,"오킨스전자, OKins Electronics Co.,Ltd."
오텍,067170,운송장비·부품,"오텍, Autech Corporation"
오토앤,353590,유통,"오토앤, AUTO& Inc."
오파스넷,173130,IT 서비스,"오파스넷, OPASNET co., Ltd"
오픈베이스,049480,IT 서비스,"오픈베이스, Openbase, Inc."
오픈엣지테크놀로지,394280,IT 서비스,"오픈엣지테크놀로지, Openedges Technology, Inc."
온코닉테라퓨틱스,476060,일반서비스,"온코닉테라퓨틱스, Onconic Therapeutics Inc."
온코크로스,382150,일반서비스,"온코크로스, Oncocross Co.,Ltd."
온타이드,005320,유통,"온타이드보통주, ONTIDE"
올리패스,244460,제약,"올리패스, OLIPASS Corporation"
올릭스,226950,일반서비스,"올릭스, Olix Pharmaceuticals, Inc."
옴니시스템,057540,의료·정밀기기,"옴니시스템, Omnisystem Co., Ltd"
옵투스제약,131030,제약,"옵투스제약, OPTUS Pharmaceutical"
옵트론텍,082210,의료·정밀기기,"옵트론텍, OPTRONTEC Inc."
옵티시스,109080,전기·전자,"옵티시스, OPTICIS CO., LTD."
옵티코어,380540,전기·전자,"옵티코어, OptiCore"
옵티팜,153710,제약,"옵티팜, Optipharm. CO., LTD"
YW,051390,유통,"와이더블유, YW COMPANY LIMITED"
와이랩,432430,오락·문화,"와이랩, YLAB Corporation"
와이바이오로직스,338840,일반서비스,"와이바이오로직스, Y-Biologics, Inc"
YBM넷,057030,일반서비스,"와이비엠넷, YBM NET, Inc."
와이솔,122990,전기·전자,"와이솔, WiSoL CO., LTD."
와이씨,232140,기계·장비,"와이씨, YC Corporation"
와이씨켐,112290,화학,"와이씨켐, YCCHEM"
와이어블,065530,통신,"와이어블, Wiable"
와이엔텍,067900,일반서비스,"와이엔텍, Y-ENTEC CO.,LTD."
와이엠,007530,금속,"와이엠, YM"
와이엠씨,155650,전기·전자,"와이엠씨, YMC Co., Ltd."
와이엠텍,273640,전기·전자,"와이엠텍, YM Tech Co., Ltd."
와이엠티,251370,화학,"와이엠티, YMT CO., LTD."
와이제이링크,209640,기계·장비,"와이제이링크, YJ LINK Co.,Ltd."
와이즈넛,096250,IT 서비스,"와이즈넛, WISEnut, Inc."
와이즈버즈,273060,일반서비스,"와이즈버즈, Wise birds Inc."
와이지-원,019210,금속,"와이지-원, YG-1 CO., LTD"
와이지엔터테인먼트,122870,오락·문화,"와이지엔터테인먼트, YG Entertainment Inc."
YG PLUS,037270,IT 서비스,"와이지플러스보통주, YG PLUS"
와이투솔루션,011690,전기·전자,"와이투솔루션보통주, Y2 Solution"
YTN,040300,오락·문화,"와이티엔, YTN"
와토스코리아,079000,화학,"와토스 코리아, WATOS COREA CO.,LTD"
우리금융지주,316140,기타금융,"우리금융지주보통주, WooriFinancialGroup"
우리기술,032820,전기·전자,"우리기술, Woori Technology, Incorporation"
우리기술투자,041190,금융,"우리기술투자, Woori Technology Investment Co., Ltd"
우리넷,115440,전기·전자,"우리넷, Woori-Net Co., Ltd."
우리로,046970,유통,"우리로, WOORIRO CO., LTD"
우리바이오,082850,음식료·담배,"우리바이오, WOOREE BIO CO., LTD"
우리산업,215360,운송장비·부품,"우리산업, WOORY INDUSTRIAL CO.,LTD."
우리산업홀딩스,072470,운송장비·부품,"우리산업홀딩스, WOORY INDUSTRIAL HOLDINGS CO.,LTD."
우리손에프앤지,073560,음식료·담배,"우리손에프앤지 농업회사법인, Woorison F&G CO., LTD."
우리엔터프라이즈,037400,유통,"우리엔터프라이즈, WOOREE ENTERPRISE"
우리이앤엘,153490,전기·전자,"우리이앤엘, WOOREE E&L CO.,Ltd."
우림피티에스,101170,기계·장비,"우림피티에스, WOORIM POWER TRAIN SOLUTION"
우성,006980,음식료·담배,"우성보통주, WOOSUNG"
우수AMS,066590,운송장비·부품,"우수AMS, WOOSU AMS CO., LTD."
우신시스템,017370,기계·장비,"우신시스템보통주, WooshinSystems"
우양,103840,음식료·담배,"우양, WOOYANG CO., LTD."
우양에이치씨,101970,금속,"우양에이치씨, WOOYANG HC CO.,LTD."
우원개발,046940,건설,"우원개발, Woowon Development Co., Ltd."
우정바이오,215380,일반서비스,"우정바이오, WOOJUNG BIO, Inc."
우주일렉트로,065680,전기·전자,"우주일렉트로닉스, UJU ELECTRONICS CO., LTD"
우진,105840,의료·정밀기기,"우진보통주, WOOJIN INC"
우진비앤지,018620,제약,"우진비앤지, WooGene B&G CO., Ltd"
우진아이엔에스,010400,건설,"우진아이엔에스보통주, WOOJINI&S"
우진엔텍,457550,일반서비스,"우진엔텍, WOOJIN Ntec Inc."
우진플라임,049800,기계·장비,"우진플라임 보통주, WOOJIN PLAIMM CO., LTD"
웅진,016880,일반서비스,"웅진보통주, WOONGJIN"
웅진씽크빅,095720,일반서비스,"웅진씽크빅 보통주, WOONGJIN THINKBIG CO., LTD."
워트,396470,기계·장비,"워트 주식회사, WOT.CO.,LTD."
원림,005820,섬유·의류,"원림보통주, Wonlim"
원바이오젠,307280,제약,"원바이오젠, Wonbiogen"
원익,032940,유통,"원익, WonIk"
원익머트리얼즈,104830,화학,"원익머트리얼즈, WONIK Materials Co., Ltd."
원익IPS,240810,기계·장비,"원익아이피에스, WONIK IPS Co.,Ltd."
원익큐브,014190,유통,"원익큐브, WONIK CUBE Corp."
원익QnC,074600,비금속,"원익큐엔씨, WONIK QnC CORPORATION"
원익피앤이,217820,기계·장비,"원익피앤이, WONIK PNE"
원익홀딩스,030530,화학,"원익홀딩스, WONIK HOLDINGS CO.,LTD."
원일특강,012620,금속,"원일특강, WonilSpecialSteel"
원일티엔아이,136150,기계·장비,"원일티엔아이, WONILTNI CO., LTD."
원준,382840,기계·장비,"원준, Onejoon Co., Ltd."
원텍,336570,의료·정밀기기,"원텍, WONTECH"
원티드랩,376980,IT 서비스,"원티드랩, Wanted Lab Inc."
원풍,008370,화학,"원풍, WonpoongCorporation"
원풍물산,008290,섬유·의류,"원풍물산, WonpungMulsan"
월덱스,101160,전기·전자,"월덱스, WORLDEX INDUSTRY & TRADING CO., LTD"
웨이버스,336060,IT 서비스,"웨이버스, WAVUS"
웨이브일렉트로,095270,의료·정밀기기,"웨이브일렉트로닉스, Wave Electronics Co., Ltd."
웨이비스,289930,전기·전자,"웨이비스, Wavice Inc."
웰바이오텍,010600,유통,"웰바이오텍보통주, WELLBIOTEC"
웰크론,065950,섬유·의류,"웰크론, Welcron Company Limited"
웰크론한텍,076080,건설,"웰크론한텍, WELCRON HANTEC CO.,LTD."
웰킵스하이텍,043590,전기·전자,"웰킵스하이텍, WELKEEPS HITECH"
웹스,196700,화학,"웹스, WAPS Co., Ltd."
웹젠,069080,IT 서비스,"웹젠, Webzen Inc."
웹케시,053580,IT 서비스,"웹케시, WebCash Corporation"
위너스,479960,전기·전자,"위너스, Winners Co., Ltd."
위니아에이드,377460,일반서비스,"위니아에이드, WINIA AID CO.,LTD."
위닉스,044340,전기·전자,"위닉스, WINIX INC."
위더스제약,330350,제약,"위더스제약, Withus Pharmaceutical. Co., LTD"
위드텍,348350,의료·정밀기기,"위드텍, WITHTECH, Inc."
위메이드,112040,IT 서비스,"위메이드, Wemade Co., Ltd."
위메이드맥스,101730,IT 서비스,"위메이드맥스, Wemade Max"
위메이드플레이,123420,IT 서비스,"위메이드플레이, Wemade Play"
위세아이텍,065370,IT 서비스,"위세아이텍, WISE iTech Co., Ltd."
위즈코프,038620,유통,"위즈코프, WIZ CORP, Inc."
위지윅스튜디오,299900,오락·문화,"위지윅스튜디오, WYSIWYG STUDIOS CO., LTD."
위지트,036090,기계·장비,"위지트, WIZIT Co., Ltd."
위츠,459100,전기·전자,"위츠, WITS Co., Ltd."
윈스테크넷,136540,IT 서비스,"윈스테크넷, WINS Technet"
윈팩,097800,전기·전자,"윈팩, WINPAC INC."
윈하이텍,192390,금속,"윈하이텍, WINHITECH CO., Ltd."
윌비스,008600,유통,"윌비스보통주, TheWillBes"
윙스풋,335870,유통,"윙스풋, WINGS FOOT"
윙입푸드,900340,금융,"윙입푸드홀딩스, WING YIP FOOD HOLDINGS GROUP"
유니드,014830,화학,"유니드 보통주, UNID"
유니드비티플러스,446070,종이·목재,"유니드비티플러스보통주, UNID btplus"
유니셈,036200,기계·장비,"유니셈, UNION SEMICONDUCTOR EQUIPMENT&MATERIALS"
유니슨,018000,기계·장비,"유니슨, UNISON CO., LTD."
유니온머티리얼,047400,비금속,"유니온머티리얼보통주, Union Materials Corp."
유니온바이오메트릭스,203450,전기·전자,"유니온바이오메트릭스, UNION biometrics"
유니온,000910,비금속,"유니온보통주, Union"
유니켐,011330,섬유·의류,"유니켐보통주, UNI CHEM.CO.,LTD"
유니퀘스트,077500,유통,"유니퀘스트 보통주, Uniquest Corporation"
유니크,011320,운송장비·부품,"유니크, UNICK CORPORATION"
유니테스트,086390,기계·장비,"유니테스트, UniTest Inc."
유니테크노,241690,운송장비·부품,"유니테크노, UNITEKNO Co.,Ltd"
유니트론텍,142210,유통,"유니트론텍, Unitrontech Co.,Ltd."
유디엠텍,389680,IT 서비스,"유디엠텍, UDMTEK Co.,Ltd."
유라클,088340,IT 서비스,"유라클, URACLE. Co. Ltd"
유라테크,048430,전기·전자,"유라테크, YURA TECH. CO., LTD."
유바이오로직스,206650,제약,"유바이오로직스, EuBiologics Co., Ltd."
유비벨록스,089850,IT 서비스,"유비벨록스, UbiVelox Inc."
유비온,084440,IT 서비스,"유비온, UBION CO.LTD."
유비케어,032620,IT 서비스,"유비케어, UBCARE CO., LTD."
유비쿼스,264450,전기·전자,"유비쿼스, Ubiquoss Inc."
유비쿼스홀딩스,078070,금융,"유비쿼스홀딩스, Ubiquoss Holdings Inc."
유성기업,002920,운송장비·부품,"유성기업보통주, YoosungEnterprise"
유성티엔에스,024800,운송·창고,"유성티엔에스, YOOSUNG T&S CO.,LTD"
유수홀딩스,000700,일반서비스,"유수홀딩스보통주, EUSU HOLDINGS"
유신,054930,일반서비스,"유신, Yooshin Engineering Corporation"
유아이디,069330,전기·전자,"유아이디, U.I.DISPLAY CO.,LTD."
유아이엘,049520,전기·전자,"유아이엘, UIL Co.,Ltd"
유안타제11호스팩,444920,금융,"유안타제11호기업인수목적, Yuanta 11 SPECIAL PURPOSE ACQUISITION COMPANY"
유안타제12호스팩,446150,금융,"유안타제12호기업인수목적, Yuanta 12 SPECIAL PURPOSE ACQUISITION COMPANY"
유안타제14호스팩,450940,금융,"유안타제14호기업인수목적, Yuanta 14 SPECIAL PURPOSE ACQUISITION COMPANY"
유안타제15호스팩,473050,금융,"유안타제15호기업인수목적, Yuanta 15 SPECIAL PURPOSE ACQUISITION COMPANY"
유안타제16호스팩,474490,금융,"유안타제16호기업인수목적, Yuanta 16 SPECIAL PURPOSE ACQUISITION COMPANY"
유안타제17호스팩,493790,금융,"유안타제17호기업인수목적, Yuanta 17 SPECIAL PURPOSE ACQUISITION COMPANY"
유안타증권우,003475,증권,"유안타증권1우선주, Yuanta Securities Korea(1P)"
유안타증권,003470,증권,"유안타증권보통주, Yuanta Securities Korea"
유에스티,263770,금속,"유에스티, UST CO., LTD."
유엔젤,072130,IT 서비스,"유엔젤보통주, UANGEL"
유유제약1우,000225,제약,"유유제약1우선주, YuyuPharma(1P)"
유유제약2우B,000227,제약,"유유제약2우선주(신형), YuyuPharma(2PB)"
유유제약,000220,제약,"유유제약보통주, YuyuPharma"
유일로보틱스,388720,기계·장비,"유일로보틱스, Yuilrobotics. co., Ltd"
유일에너테크,340930,기계·장비,"유일에너테크, YOUIL ENERGY TECH CO.,LTD."
유진기업,023410,비금속,"유진기업, EUGENE Corporation"
유진스팩10호,468760,금융,"유진기업인수목적10호, EUGENE SPECIAL PURPOSE ACQUISITION 10 COMPANY"
유진스팩11호,488060,금융,"유진기업인수목적11호, EUGENE SPECIAL PURPOSE ACQUISITION 11 COMPANY"
유진로봇,056080,기계·장비,"유진로봇, Yujin Robot Co., Ltd."
유진테크,084370,기계·장비,"유진테크, Eugene Technology Co., Ltd."
유진테크놀로지,240600,금속,"유진테크놀로지, YUJIN TECHNOLOGY CO.,LTD."
유진투자증권,001200,증권,"유진투자증권보통주, EUGENE INVESTMENT & SECURITIES"
유투바이오,221800,일반서비스,"유투바이오, U2BIO CO., LTD."
유티아이,179900,전기·전자,"유티아이, UTI INC."
유틸렉스,263050,제약,"유틸렉스, Eutilex Co., Ltd."
유한양행우,000105,제약,"유한양행1우선주, Yuhan(1P)"
유한양행,000100,제약,"유한양행보통주, Yuhan"
유화증권우,003465,증권,"유화증권1우선주, YuhwaSecurities(1P)"
유화증권,003460,증권,"유화증권보통주, YuhwaSecurities"
육일씨엔에쓰,191410,전기·전자,"육일씨엔에쓰, RYUK-IL C&S., Ltd"
윤성에프앤씨,372170,기계·장비,"윤성에프앤씨, YUNSUNG F&C Co.,Ltd"
율촌,146060,금속,"율촌, YulChon co., Ltd"
율촌화학,008730,화학,"율촌화학보통주, YoulchonChemical"
율호,072770,IT 서비스,"율호, Yulho"
이건산업,008250,종이·목재,"이건산업보통주, EagonIndustrial"
이건홀딩스,039020,종이·목재,"이건홀딩스, EAGON HOLDINGS CO., LTD."
이구산업,025820,금속,"이구산업보통주, LeekuIndustrial"
이글루,067920,IT 서비스,"이글루코퍼레이션, IGLOO Corporation"
이글벳,044960,유통,"이글벳, Eagle Veterinary Technology Co.,Ltd"
이노뎁,303530,IT 서비스,"이노뎁, INNODEP INC."
이노룰스,296640,IT 서비스,"이노룰스, INNORULES CO.,LTD"
이노메트리,302430,기계·장비,"이노메트리, INNOMETRY Co., Ltd."
이노션,214320,일반서비스,"이노션보통주, INNOCEAN WORLDWIDE INC."
이노스페이스,462350,운송장비·부품,"이노스페이스, INNOSPACE Co., Ltd."
이노시뮬레이션,274400,IT 서비스,"이노시뮬레이션, INNOSIMULATION CO., LTD."
이노와이어리스,073490,전기·전자,"이노와이어리스, InnoWireless Co.,Ltd."
이노인스트루먼트,215790,전기·전자,"이노인스트루먼트, INNO INSTRUMENT"
이노진,344860,화학,"이노진, INNOGENE Co., Ltd."
이노테크,469610,기계·장비,"이노테크, INNOTECH Co.,Ltd"
이녹스,088390,운송장비·부품,"이녹스, INNOX Corporation"
이녹스첨단소재,272290,전기·전자,"이녹스첨단소재, INNOX Advanced Materials Co., Ltd."
이니텍,053350,IT 서비스,"이니텍, INITECH Co., Ltd."
이닉스,452400,운송장비·부품,"이닉스, INICS Corporation"
이랜시스,264850,전기·전자,"이랜시스, Elensys Co.,Ltd."
이랜텍,054210,전기·전자,"이랜텍, Elentec Co., Ltd"
이렘,009730,금속,"이렘, IREM Co.,Ltd."
이루온,065440,IT 서비스,"이루온, ELUON Corporation"
이리츠코크렙,088260,부동산,"이리츠코크렙기업구조조정부동산투자회사보통주, E KOCREF CR-REIT"
이마트,139480,유통,"이마트보통주, E-MART Co., Ltd."
이뮨온시아,424870,일반서비스,"이뮨온시아, ImmuneOncia Therapeutics, Inc."
이미지스,115610,전기·전자,"이미지스테크놀로지, IMAGIS Co., Ltd."
이베스트스팩6호,478110,금융,"이베스트기업인수목적6호, Ebest Special Purpose Acquisition No6 Company"
이브이첨단소재,131400,전기·전자,"이브이첨단소재, EV ADVANCED MATERIAL"
이삭엔지니어링,351330,IT 서비스,"이삭엔지니어링, ISAAC Engineering Co., Ltd."
이상네트웍스,080010,유통,"이상네트웍스, eSANG Networks Co.,Ltd"
이수스페셜티케미컬,457190,화학,"이수스페셜티케미컬보통주, ISU SPECIALTY CHEMICAL"
이수앱지스,086890,제약,"이수앱지스, ISU Abxis Co., Ltd."
이수페타시스,007660,전기·전자,"이수페타시스보통주, ISUPETASYS"
이수화학,005950,화학,"이수화학보통주, IsuChemical"
이스타코,015020,부동산,"이스타코보통주, e-STARCO"
이스트소프트,047560,IT 서비스,"이스트소프트, ESTsoft Corp."
이스트아시아홀딩스,900110,금융,"이스트아시아홀딩스인베스트먼트리미티드, East Asia Holdings Investment Limited"
이스트에이드,239340,IT 서비스,"이스트에이드, ESTaid"
이씨에스,067010,IT 서비스,"이씨에스텔레콤, ECS TELECOM Co., Ltd."
E8,418620,IT 서비스,"이에이트, E8IGHT Co., Ltd"
이엔셀,456070,제약,"이엔셀, ENCell Co., Ltd."
이엔에프테크놀로지,102710,화학,"이엔에프테크놀로지, ENF Technology Co., Ltd"
이엔플러스,074610,기계·장비,"이엔플러스보통주, ENPLUS"
이엘씨,041520,의료·정밀기기,"이엘씨, ELC"
이엘피,063760,의료·정밀기기,"이엘피, ELP Corp."
이엠넷,123570,일반서비스,"이엠넷, EMNET INC."
이엠앤아이,083470,화학,"이엠앤아이, EMnI Co., Ltd."
이엠코리아,095190,금속,"이엠코리아, EMKOREA Co., LTD."
이엠텍,091120,전기·전자,"이엠텍, EM-Tech. CO., LTD."
이연제약,102460,제약,"이연제약보통주, REYON PHARMACEUTICAL"
이오테크닉스,039030,기계·장비,"이오테크닉스, EO Technics Co., Ltd."
이오플로우,294090,의료·정밀기기,"이오플로우, EOFlow Co., Ltd."
EDGC,245620,일반서비스,"이원다이애그노믹스, Eone Diagnomics Genome Center Co., Ltd."
이원컴포텍,088290,운송장비·부품,"이원컴포텍, EWON COMFORTECH CO., LTD"
이월드,084680,기타제조,"이월드보통주, E-WORLD"
EG,037370,화학,"이지, EG CORPORATION"
이지바이오,353810,음식료·담배,"이지바이오, EASY BIO, Inc."
이지스레지던스리츠,350520,부동산,"이지스레지던스리츠보통주, IGIS RESIDENCE REIT"
이지스밸류플러스리츠,334890,부동산,"이지스밸류플러스리츠보통주, IGIS Value Plus REIT"
이지케어텍,099750,IT 서비스,"이지케어텍, ezCaretech Co., LTD"
이지트로닉스,377330,전기·전자,"이지트로닉스, EGTRONICS Co., Ltd."
이지홀딩스,035810,음식료·담배,"이지홀딩스, Easy Holdings Co., Ltd."
이크레더블,092130,IT 서비스,"이크레더블, e-Credible Co., Ltd."
이퓨쳐,134060,오락·문화,"이퓨쳐, e-future.Co.,Ltd."
이화공영,001840,건설,"이화공영, EehwaConstruction"
이화산업,000760,유통,"이화산업보통주, RIFA"
인디에프,014990,섬유·의류,"인디에프보통주, In the F"
인바디,041830,의료·정밀기기,"인바디, InBody Co., Ltd."
인바이오,352940,화학,"인바이오, ENBIOCO., LTD."
인바이오젠,101140,유통,"인바이오젠보통주, INBIOGEN"
인베니아,079950,기계·장비,"인베니아, INVENIA Co.,Ltd."
인벤티지랩,389470,일반서비스,"인벤티지랩, Inventage Lab Inc."
인산가,277410,음식료·담배,"인산가, INSAN Inc."
인선이엔티,060150,일반서비스,"인선이엔티, INSUN ENVIRONMENTAL NEW TECHNOLOGY CO."
인성정보,033230,IT 서비스,"인성정보, INSUNG INFORMATION CO., LTD"
인스웨이브,450520,IT 서비스,"인스웨이브, Inswave"
인스코비,006490,통신,"인스코비보통주, Inscobee"
인스피언,465480,IT 서비스,"인스피언, Inspien, Inc."
인지디스플레,037330,전기·전자,"인지디스플레이, INZI DISPLAY COMPANY LIMITED"
인지소프트,100030,IT 서비스,"인지소프트, Inzisoft"
인지컨트롤스,023800,운송장비·부품,"인지컨트롤스보통주, InziControls"
인천도시가스,034590,전기·가스,"인천도시가스 보통주, INCHEON CITY GAS"
인카금융서비스,211050,금융,"인카금융서비스, INCAR FINANCIAL SERVICE Co.,Ltd."
인콘,083640,유통,"인콘, INCON Co., Ltd."
인크레더블버즈,064090,유통,"인크레더블버즈, InkredibleBuzz"
인크로스,216050,일반서비스,"인크로스, Incross Co.,Ltd."
인탑스,049070,전기·전자,"인탑스, INTOPS CO., LTD."
인터로조,119610,의료·정밀기기,"인터로조, INTEROJO CO. LTD."
인터엠,017250,전기·전자,"인터엠, IntermCorporation"
인터지스,129260,운송·창고,"인터지스보통주, INTERGIS"
인터플렉스,051370,전기·전자,"인터플렉스, INTERFLEX CO., LTD."
인텍플러스,064290,기계·장비,"인텍플러스, INTEKPLUS CO.,LTD"
인텔리안테크,189300,전기·전자,"인텔리안테크놀로지스, INTELLIAN TECHNOLOGIES Inc."
인투셀,287840,일반서비스,"인투셀, IntoCell, Inc."
인트로메딕,150840,의료·정밀기기,"인트로메딕, IntroMedic Co., Ltd."
인트론바이오,048530,제약,"인트론바이오테크놀로지, iNtRON Biotechnology, Inc."
인팩,023810,운송장비·부품,"인팩보통주, INFAC"
인포바인,115310,통신,"인포바인, INFOvine co., Ltd."
인포뱅크,039290,IT 서비스,"인포뱅크, InfoBank Corporation"
인피니트헬스케어,071200,IT 서비스,"인피니트헬스케어, INFINITT Healthcare"
인화정공,101930,운송장비·부품,"인화정공, Inhwa Precision Co., Ltd"
일동제약,249420,제약,"일동제약보통주, ILDONG PHARM"
일동홀딩스,000230,제약,"일동홀딩스보통주, ILDONG HOLDINGS"
일성건설,013360,건설,"일성건설보통주, IlsungConstruction"
일성아이에스,003120,제약,"일성아이에스보통주, ILSUNG IS"
일승,333430,운송장비·부품,"일승, IL SEUNG"
일신바이오,068330,기계·장비,"일신바이오베이스, ilShinbiobase Co., Ltd."
일신방직,003200,섬유·의류,"일신방직보통주, IlshinSpinning"
일신석재,007110,유통,"일신석재보통주, IlshinStone"
일양약품우,007575,제약,"일양약품1우선주, IlyangPharmaceutical(1P)"
일양약품,007570,제약,"일양약품보통주, IlyangPharmaceutical"
일월지엠엘,178780,유통,"일월지엠엘, ILWOUL GML"
일정실업,008500,섬유·의류,"일정실업보통주, IljeongIndustrial"
일지테크,019540,운송장비·부품,"일지테크, IljiTechnology"
일진다이아,081000,화학,"일진다이아몬드 보통주, ILJIN DIAMOND CO., LTD"
일진디스플,020760,전기·전자,"일진디스플레이보통주, ILJIN DISPLAY"
일진전기,103590,전기·전자,"일진전기 보통주, ILJIN ELECTRIC"
일진파워,094820,건설,"일진파워, ILJIN POWER CO., LTD."
일진하이솔루스,271940,운송장비·부품,"일진하이솔루스보통주, ILJIN HYSOLUS"
일진홀딩스,015860,기타금융,"일진홀딩스보통주, ILJINHOLDINGS"
잇츠한불,226320,화학,"잇츠한불보통주, ITSHANBUL"
잉글우드랩,950140,화학,"잉글우드랩, Englewood Lab, Inc."
잉크테크,049550,화학,"잉크테크, INKTEC CO., LTD."
자람테크놀로지,389020,전기·전자,"자람테크놀로지, Zaram Technology,Inc."
자비스,254120,기계·장비,"자비스, XAVIS CO., Ltd."
자연과환경,043910,비금속,"자연과 환경, Nature and Environment Co., Ltd."
자이글,234920,전기·전자,"자이글, Zaigle Co., Ltd."
자이언트스텝,289220,오락·문화,"자이언트스텝, GIANTSTEP Inc."
자이에스앤디,317400,부동산,"자이에스앤디보통주, XI S&D"
자화전자,033240,전기·전자,"자화전자보통주, JahwaElectronics"
장원테크,174880,전기·전자,"장원테크, JangWonTech Co., Ltd."
재영솔루텍,049630,의료·정밀기기,"재영솔루텍, JAEYOUNG SOLUTEC CO.,LTD."
저스템,417840,기계·장비,"저스템, Justem.Co.,Ltd."
전방,000950,섬유·의류,"전방보통주, Chonbang"
전진건설로봇,079900,기계·장비,"전진건설로봇보통주, JUNJIN C&R"
전진바이오팜,110020,화학,"전진바이오팜, JEONJINBIO CO., LTD."
정다운,208140,음식료·담배,"정다운, JUNGDAWN Co., Ltd."
정상제이엘에스,040420,일반서비스,"정상제이엘에스, JLS CO.,LTD."
정원엔시스,045510,유통,"정원엔시스, ZUNGWON EN-SYS INC."
제너셈,217190,기계·장비,"제너셈, Genesem Inc."
제넥신,095700,일반서비스,"제넥신, Genexine, Inc."
제노레이,122310,의료·정밀기기,"제노레이, GENORAY Co., Ltd."
제노코,361390,전기·전자,"제노코, Genohco, Inc"
제놀루션,225220,제약,"제놀루션, GENOLUTION INC."
제닉,123330,화학,"제닉, Genic Co., Ltd"
제닉스로보틱스,381620,기계·장비,"제닉스로보틱스, ZENIX ROBOTICS"
제로투세븐,159580,유통,"제로투세븐, Zero to Seven Inc"
제룡산업,147830,금속,"제룡산업, CHERYONG INDUSTRIAL CO.,LTD."
제룡전기,033100,전기·전자,"제룡전기, CHERYONG ELECTRIC CO.,LTD."
제우스,079370,기계·장비,"제우스, ZEUS CO., LTD."
JW신약,067290,제약,"제이더블유신약, JW SHINYAK CORPORATION"
제이브이엠,054950,기계·장비,"제이브이엠, JVM CO., LTD"
제이스코홀딩스,023440,금속,"제이스코홀딩스, J Steel Company Holdings"
제이스텍,090470,기계·장비,"제이스텍, JASTECH, Ltd."
제이씨케미칼,137950,화학,"제이씨케미칼, JC Chemical Corporation, LTD."
제이씨현시스템,033320,유통,"제이씨현시스템, JCH Systems, Inc."
제이아이테크,417500,화학,"제이아이테크, JI-Tech Co., Ltd."
제이알글로벌리츠,348950,부동산,"제이알글로벌리츠보통주, JR GLOBAL REIT"
제이앤티씨,204270,전기·전자,"제이앤티씨, JNTC CO.,LTD."
제이에스링크,127120,일반서비스,"제이에스링크, JS Link"
제이에스코퍼레이션,194370,섬유·의류,"제이에스코퍼레이션보통주, JS Corporation"
제이에스티나,026040,기타제조,"제이에스티나, J.ESTINA Co.,Ltd"
제이엔비,452160,기계·장비,"제이엔비, JNB Co.,Ltd"
제이엔케이글로벌,126880,기계·장비,"제이엔케이글로벌, JNK Global"
제이엘케이,322510,IT 서비스,"제이엘케이, JLK, Inc."
제이엠아이,033050,화학,"제이엠아이, JEONGMOON INFORMATION CO.,LTD."
제이엠티,094970,전기·전자,"제이엠티, JMT CO.,Ltd."
제이오,418550,일반서비스,"제이오, JEIO"
JYP Ent.,035900,오락·문화,"제이와이피엔터테인먼트, JYP Entertainment Corporation"
제이준코스메틱,025620,화학,"제이준코스메틱보통주, Jayjun Cosmetic"
제이케이시냅스,060230,화학,"제이케이시냅스, JK Synapse"
제이투케이바이오,420570,화학,"제이투케이바이오, J2KBIO Co., Ltd."
제이티,089790,기계·장비,"제이티, JT Corporation."
JTC,950170,유통,"제이티씨, JTC Inc."
제이피아이헬스케어,0010V0,의료·정밀기기,"제이피아이헬스케어, JPI Healthcare Co., Ltd."
제일기획,030000,일반서비스,"제일기획보통주, CheilWorldwide"
제일바이오,052670,제약,"제일바이오, CHEIL BIO CO., LTD."
제일약품,271980,제약,"제일약품보통주, JEIL PHARM"
제일엠앤에스,412540,기계·장비,"제일엠앤에스, JEIL M&S CO., LTD"
제일연마,001560,비금속,"제일연마공업보통주, CHEILGRINDINGWHEELIND.CO.,LTD"
제일일렉트릭,199820,전기·전자,"제일일렉트릭, CHEIL ELECTRIC"
제일테크노스,038010,금속,"제일테크노스, JEIL TECHNOS CO., LTD"
제일파마홀딩스,002620,일반서비스,"제일파마홀딩스보통주, JEIL PHARMA HOLDINGS INC."
제주반도체,080220,전기·전자,"제주반도체, Jeju Semiconductor Corp."
제주은행,006220,은행,"제주은행보통주, Jeju Bank"
제주항공,089590,운송·창고,"제주항공보통주, JEJUAIR, CO., LTD."
제테마,216080,제약,"제테마, JETEMA Co.,Ltd."
젝시믹스,337930,IT 서비스,"젝시믹스, XEXYMIX"
젠큐릭스,229000,제약,"젠큐릭스, Gencurix Inc."
젬백스,082270,기계·장비,"젬백스&카엘, GemVax & KAEL Co.,Ltd."
조광페인트,004910,화학,"조광페인트보통주, ChokwangPaint"
조광피혁,004700,섬유·의류,"조광피혁보통주, ChokwangLeather"
조비,001550,화학,"조비보통주, Chobi"
조선내화,462520,비금속,"조선내화보통주, Chosun Refractories"
조선선재,120030,금속,"조선선재 보통주, CHOSUN WELDING POHANG Co., Ltd"
조아제약,034940,제약,"조아제약, ChoA Pharmaceutical Co., LTD."
조이시티,067000,IT 서비스,"조이시티, JoyCity Corporation"
조이웍스앤코,309930,유통,"조이웍스앤코, JOYWORKS&Co"
조일알미늄,018470,금속,"조일알미늄보통주, CHOILALUMINUM"
조흥,002600,음식료·담배,"조흥보통주, CHOHEUNG CORPORATION"
종근당바이오,063160,제약,"종근당바이오보통주, CKDBioCorporation"
종근당,185750,제약,"종근당보통주, CHONGKUNDANG"
종근당홀딩스,001630,제약,"종근당홀딩스보통주, CHONGKUNDANG HOLDINGS CORP."
좋은사람들,033340,섬유·의류,"좋은사람들, GOOD PEOPLE CO., LTD."
주성엔지니어링,036930,기계·장비,"주성엔지니어링, JUSUNG ENGINEERING Co.,Ltd."
주성코퍼레이션,109070,전기·전자,"주성코퍼레이션보통주, JOOSUNG CORPORATION"
아모센스,357580,전기·전자,"주식회사 아모센스, Amosense Co., Ltd."
오스테오닉,226400,의료·정밀기기,"주식회사 오스테오닉, OSTEONIC Co., Ltd."
오픈놀,440320,IT 서비스,"주식회사 오픈놀, Openknowl Co.,Ltd."
큐라티스,348080,일반서비스,"주식회사 큐라티스, Quratis Inc."
동남합성,023450,화학,"주식회사동남합성, DONGNAMCHEMICALCO,.LTD."
KCC,002380,화학,"주식회사케이씨씨, KCC Corporation"
주연테크,044380,전기·전자,"주연테크 보통주, JOOYONTECH"
기업은행,024110,은행,"중소기업은행보통주, INDUSTRIALBANKOFKOREA"
중앙백신,072020,제약,"중앙백신연구소, CHOONG ANG VACCINE LABORATORY"
중앙에너비스,000440,유통,"중앙에너비스, Joong Ang Enervis Co.,Ltd."
중앙첨단소재,051980,전기·전자,"중앙첨단소재, JOONGANG ADVANCED MATERIALS"
지노믹트리,228760,일반서비스,"지노믹트리, Genomictree Inc."
지놈앤컴퍼니,314130,제약,"지놈앤컴퍼니, Genome&Company"
지누스,013890,기타제조,"지누스보통주, ZINUS"
지니너스,389030,일반서비스,"지니너스, GENINUS Inc."
지니언스,263860,IT 서비스,"지니언스, GENIANS, INC."
지니틱스,303030,전기·전자,"지니틱스, Zinitix Co.,Ltd."
지더블유바이텍,036180,유통,"지더블유바이텍, GW Vitek CO.,LTD."
지란지교시큐리티,208350,IT 서비스,"지란지교시큐리티, Jiransecurity Co., Ltd."
지슨,446840,의료·정밀기기,"지슨, GITSN"
지씨셀,144510,일반서비스,"지씨셀, GC CELL"
지씨지놈,340450,일반서비스,"지씨지놈, GC Genome Corporation"
지아이이노베이션,358570,일반서비스,"지아이이노베이션, GI Innovation Inc."
지아이텍,382480,기계·장비,"지아이텍, G.I.Tech Co.,Ltd."
지앤비에스 에코,382800,기계·장비,"지앤비에스 에코, GnBS eco"
지어소프트,051160,IT 서비스,"지어소프트, GAEASOFT"
GS글로벌,001250,유통,"지에스글로벌보통주, GS Global Corp."
GS리테일,007070,유통,"지에스리테일보통주, GS Retail"
지에스이,053050,전기·가스·수도,"지에스이, GSE Co., Ltd."
GS피앤엘,499790,기타금융,"지에스피앤엘보통주, GS P&L"
GH신소재,130500,섬유·의류,"지에이치신소재, GH Advanced Materials Inc."
지에프씨생명과학,388610,화학,"지에프씨생명과학, GFC Life Science Co., Ltd."
지엔씨에너지,119850,전기·전자,"지엔씨에너지, GnCenergy Co., Ltd."
지엔코,065060,섬유·의류,"지엔코, Great New wave Coming Co., Ltd."
지엘팜텍,204840,유통,"지엘팜텍, GL Pharm Tech Corp."
지엠비코리아,013870,운송장비·부품,"지엠비코리아보통주, GMB Korea"
지역난방공사,071320,전기·가스,"지역난방공사보통주, Korea District Heating"
지오엘리먼트,311320,전기·전자,"지오엘리먼트, GO Element Co., Ltd."
지투지바이오,456160,제약,"지투지바이오, G2GBIO, Inc."
지투파워,388050,전기·전자,"지투파워, G2Power Co.Ltd"
진도,088790,유통,"진도 보통주, JINDO.CO.,LTD"
진로발효,018120,음식료·담배,"진로발효, JinroDistillers"
진매트릭스,109820,일반서비스,"진매트릭스, GENEMATRIX INC."
진바이오텍,086060,유통,"진바이오텍, Gene Bio Tech Co., Ltd."
진성티이씨,036890,기계·장비,"진성티이씨, JINSUNG T.E.C."
진시스템,363250,의료·정밀기기,"진시스템, Genesystem Co., Ltd"
진양산업,003780,화학,"진양산업보통주, Chinyang Industry"
진양제약,007370,제약,"진양제약, JIN YANG PHARMACETICAL. CO., LTD"
진양폴리,010640,화학,"진양폴리우레탄보통주, ChinYangPolyurethane"
진양홀딩스,100250,화학,"진양홀딩스보통주, Chinyang Holdings Corporation"
진양화학,051630,화학,"진양화학보통주, ChinYangChemicalCorporation"
진에어,272450,운송·창고,"진에어보통주, JIN AIR"
진영,285800,화학,"진영, JINYOUNG CO., LTD"
진원생명과학,011000,제약,"진원생명과학보통주, GeneOneLifeScience"
진흥기업우B,002785,건설,"진흥기업1우선주(신형), CHINHUNG INT(1PB)"
진흥기업2우B,002787,건설,"진흥기업2우선주(신형), CHINHUNG INT (2PB)"
진흥기업,002780,건설,"진흥기업보통주, ChinhungInternational"
차바이오텍,085660,제약,"차바이오텍, Chabiotech Co.,Ltd."
차백신연구소,261780,일반서비스,"차백신연구소, CHA Vaccine Research Institute"
크리스탈신소재,900250,금융,"차이나크리스탈신소재홀딩스, China Crystal New Material Holdings Co., Ltd."
차이커뮤니케이션,351870,일반서비스,"차이커뮤니케이션, Chai Communication Co., LTD."
참엔지니어링,009310,기계·장비,"참엔지니어링보통주, Charm Engineering"
참좋은여행,094850,일반서비스,"참좋은여행, Very Good Tour Co.,Ltd."
창해에탄올,004650,음식료·담배,"창해에탄올, Changhae Ethanol Co., Ltd."
천보,278280,화학,"천보, Chunbo Co., Ltd."
천일고속,000650,운송·창고,"천일고속보통주, ChunilExpress"
청담글로벌,362320,유통,"청담글로벌, CHUNGDAMGLOBAL Co., Ltd."
체리부로,066360,음식료·담배,"체리부로, Cherrybro Co.,Ltd"
체시스,033250,운송장비·부품,"체시스보통주, CHASYS Co.,Ltd"
초록뱀미디어,047820,오락·문화,"초록뱀미디어, CHOROKBAEM MEDIA CO.,LTD."
칩스앤미디어,094360,전기·전자,"칩스앤미디어, Chips&Media, Inc."
카스,016920,유통,"카스, Cas"
카이노스메드,284620,일반서비스,"카이노스메드, KAINOS MEDICINE, INC."
카카오게임즈,293490,IT 서비스,"카카오게임즈, Kakao Games Corp."
카카오뱅크,323410,은행,"카카오뱅크보통주, KakaoBank Corp."
카카오,035720,IT 서비스,"카카오보통주, Kakao"
카카오페이,377300,기타금융,"카카오페이보통주, kakaopay"
카티스,140430,IT 서비스,"카티스, CATIS INC."
카페24,042000,IT 서비스,"카페24, Cafe24 Corp."
카프로,006380,화학,"카프로보통주, CAPRO"
캐리,313760,전기·전자,"캐리, CARRY"
캐리소프트,317530,오락·문화,"캐리소프트, CARRIESOFT Co., Ltd."
캐스텍코리아,071850,운송장비·부품,"캐스텍코리아, CASTEC KOREA CO.,LTD"
캐프,198080,전기·전자,"캐프, CAP"
캔버스엔,210120,오락·문화,"캔버스엔, CANVAS N"
캠시스,050110,전기·전자,"캠시스, CammSys Corp."
캡스톤파트너스,452300,금융,"캡스톤파트너스, Capstone Partners Co., Ltd."
컨텍,451760,IT 서비스,"컨텍, CONTEC Co.,Ltd"
컬러레이,900310,금융,"컬러레이홀딩스, Coloray International Investment Co., Limited"
컴투스,078340,IT 서비스,"컴투스, Com2uS Corporation"
컴투스홀딩스,063080,IT 서비스,"컴투스홀딩스, Com2uS Holdings"
컴퍼니케이,307930,금융,"컴퍼니케이파트너스, COMPANY K PARTNERS LIMITED"
케스피온,079190,전기·전자,"케스피온, KESPION"
케어랩스,263700,일반서비스,"케어랩스, Carelabs Co.,Ltd"
케어젠,214370,제약,"케어젠, Caregen Co.,LTD."
케이디켐,221980,화학,"케이디켐, KDCHEM CO., LTD."
케이바이오,038530,유통,"케이바이오, KBIO COMPANY"
KB발해인프라,415640,기타금융,"케이비발해인프라투융자회사보통주, KB Balhae Infrastructure Fund"
케이비아이동국실업,001620,운송장비·부품,"케이비아이동국실업보통주, KBI DONGKOOK IND"
KBI동양철관,008970,금속,"케이비아이동양철관보통주, KBI DONG YANG STEEL PIPE"
KBI메탈,024840,금속,"케이비아이메탈, KBI METAL CO., LTD."
KB제25호스팩,455250,금융,"케이비제25호기업인수목적 주식회사, KB No.25 Special Purpose Acquisition Company"
KB제27호스팩,464680,금융,"케이비제27호기업인수목적, KB No.27 Special Purpose Acquisition Company"
KB제29호스팩,478390,금융,"케이비제29호기업인수목적, KB No.29 Special Purpose Acquisition Company"
KB제30호스팩,486630,금융,"케이비제30호기업인수목적, KB No.30 Special Purpose Acquisition Company"
KB제31호스팩,492220,금융,"케이비제31호기업인수목적, KB No.31 Special Purpose Acquisition Company"
KB제32호스팩,0037T0,금융,"케이비제32호기업인수목적, KB No.32 Special Purpose Acquisition Company"
KB제33호스팩,0072Z0,금융,"케이비제33호기업인수목적, KB No.33 Special Purpose Acquisition Company"
KBG,318000,화학,"케이비지, KBG"
케이사인,192250,IT 서비스,"케이사인, KSIGN CO., Ltd."
케이쓰리아이,431190,IT 서비스,"케이쓰리아이, K3I. Co., Ltd."
KC그린홀딩스,009440,기타금융,"케이씨그린홀딩스보통주, KC Green Holdings"
케이씨,029460,의료·정밀기기,"케이씨보통주, KC"
KCC건설,021320,건설,"케이씨씨건설, KCC ENGINEERING & CONSTRUCTION CO., LTD."
KCC글라스,344820,비금속,"케이씨씨글라스보통주, KCC GLASS Corporation"
케이씨에스,115500,IT 서비스,"케이씨에스, Korea Computer & Systems Inc."
KC코트렐,119650,기계·장비,"케이씨코트렐보통주, KC Cottrell"
케이씨텍,281820,의료·정밀기기,"케이씨텍보통주, KCTECH"
케이씨티,089150,IT 서비스,"케이씨티, Korea Computer Terminal Inc."
케이씨피드,025880,음식료·담배,"케이씨피드, KC FEED CO., LTD."
케이아이엔엑스,093320,IT 서비스,"케이아이엔엑스, KINX, Inc."
케이알엠,093640,전기·전자,"케이알엠, Korea Robot Manufacturing"
KSS해운,044450,운송·창고,"케이에스에스 해운 보통주, KSS LINE"
KS인더스트리,101000,기계·장비,"케이에스인더스트리, KS Industry"
케이에스피,073010,기계·장비,"케이에스피, KSP CO., LTD"
KH 건설,226360,건설,"케이에이치건설, KH Construction"
KH 미래물산,111870,전기·전자,"케이에이치미래물산, KH Mirae Corporation"
KH바텍,060720,전기·전자,"케이에이치바텍, KH VATEC Co., LTD"
KX,122450,오락·문화,"케이엑스이노베이션, KX Innovation"
KX하이텍,052900,화학,"케이엑스하이텍, KX HITECH"
케이엔더블유,105330,운송장비·부품,"케이엔더블유, KNW Co., Ltd."
케이엔솔,053080,기계·장비,"케이엔솔, K-ENSOL"
케이엔알시스템,199430,의료·정밀기기,"케이엔알시스템, KNR SYSTEMS Inc."
케이엔에스,432470,기계·장비,"케이엔에스, KNS CO., LTD"
KNN,058400,오락·문화,"케이엔엔, KOREA NEW NETWORK CORPORATION"
케이엔제이,272110,전기·전자,"케이엔제이, KnJ Co., Ltd."
케이엘넷,039420,통신,"케이엘넷, KL-Net Corp."
케이엠,083550,섬유·의류,"케이엠, KM CORPORATION"
케이엠더블유,032500,전기·전자,"케이엠더블유, KMW CO. LTD"
케이엠제약,225430,화학,"케이엠제약, KMPHARMACEUTICAL Co.,Ltd."
케이옥션,102370,유통,"케이옥션, K Auction Inc."
케이웨더,068100,기계·장비,"케이웨더, Kweather Co., Ltd."
KEC,092220,전기·전자,"케이이씨 보통주, KEC Corporation"
케이이엠텍,106080,전기·전자,"케이이엠텍, KEM Tech"
KZ정밀,036560,기계·장비,"케이젯정밀, KZ Precision Corporation"
KG모빌리언스,046440,IT 서비스,"케이지모빌리언스, KGMobilians Co., Ltd."
케이지에이,455180,기계·장비,"케이지에이, KGA CO., LTD"
KG에코솔루션,151860,운송장비·부품,"케이지에코솔루션, KG Eco Solution"
KG이니시스,035600,IT 서비스,"케이지이니시스, KGINICIS CO.,LTD."
케이카,381970,유통,"케이카보통주, K Car"
케이탑리츠,145270,부동산,"케이탑리츠보통주, KTOPREITs"
KT나스미디어,089600,일반서비스,"케이티나스미디어, kt nasmedia"
KT밀리의서재,418470,IT 서비스,"케이티밀리의서재, kt millie seojae"
KT,030200,통신,"케이티보통주, KTCorporation"
스카이라이프,053210,오락·문화,"케이티스카이라이프, KT Skylife Co., Ltd."
KTcs,058850,IT 서비스,"케이티씨에스보통주, ktcs corporation"
KTis,058860,IT 서비스,"케이티아이에스보통주, ktis Corporation"
케이티알파,036030,유통,"케이티알파, kt alpha"
KT&G,033780,음식료·담배,"케이티앤지보통주, KT&G Corporation"
KT지니뮤직,043610,오락·문화,"케이티지니뮤직, KT GENIE MUSIC"
케이프,064820,운송장비·부품,"케이프, CAPE INDUSTRIES LTD."
케이피에프,024880,금속,"케이피에프, KPF"
케이피엠테크,042040,유통,"케이피엠테크, KPM TECH CO., LTD."
케이피티유,054410,금속,"케이피티유, Korea Plasma Technology U Co.,Ltd"
케일럼,258610,금속,"케일럼, CAELUM"
켄코아에어로스페이스,274090,운송장비·부품,"켄코아에어로스페이스, Kencoa Aerospace Corporation"
켐트로닉스,089010,화학,"켐트로닉스, CHEMTRONICS Co., Ltd."
켐트로스,220260,화학,"켐트로스, Chemtros Co., Ltd."
코나아이,052400,IT 서비스,"코나아이, KONA I CO.,LTD."
코난테크놀로지,402030,IT 서비스,"코난테크놀로지, KONAN TECHNOLOGY INCORPORATION"
코닉오토메이션,391710,기계·장비,"코닉오토메이션, Kornic Automation"
코다코,046070,운송장비·부품,"코다코, KODACO CO., LTD"
코데즈컴바인,047770,섬유·의류,"코데즈컴바인, Codes Combine Co.,Ltd."
코디,080530,화학,"코디, KODI Co.,LTD."
코람코더원리츠,417310,부동산,"코람코더원리츠보통주, KORAMCO THE ONE REIT"
코람코라이프인프라리츠,357120,부동산,"코람코라이프인프라리츠보통주, KORAMCO LIFE INFRA REIT"
코렌텍,104540,의료·정밀기기,"코렌텍, Corentec Co., Ltd."
코리아나,027050,화학,"코리아나화장품, COREANA COSMETICS CO.,LTD"
코리아써우,007815,전기·전자,"코리아써키트1우선주, KoreaCircuit(1P)"
코리아써키트2우B,00781K,전기·전자,"코리아써키트2우선주(신형), KOREA CIRCUIT(2PB)"
코리아써키트,007810,전기·전자,"코리아써키트보통주, KoreaCircuit"
코리아에셋투자증권,190650,금융,"코리아에셋투자증권, KOREA ASSET INVESTMENT SECURITIES CO.,LTD."
코리아에프티,123410,운송장비·부품,"코리아에프티, KOREA FUEL-TECH CORPORATION"
코리안리,003690,보험,"코리안리재보험보통주, Korean Reinsurance Company"
코맥스,036690,전기·전자,"코맥스, COMMAX Co.,Ltd."
코메론,049430,의료·정밀기기,"코메론, KOMELON CORPORATION"
코미코,183300,기계·장비,"코미코, KoMiCo Ltd."
코미팜,041960,제약,"코미팜, KOMIPHARM INTERNATIONAL CO., LTD."
코세스,089890,기계·장비,"코세스, KOSES Co.,Ltd"
코셈,360350,의료·정밀기기,"코셈, COXEM CO.,LTD"
코스나인,082660,화학,"코스나인, Cosnine Co., Ltd"
코스맥스,192820,화학,"코스맥스보통주, COSMAX, INC."
코스맥스비티아이,044820,기타금융,"코스맥스비티아이 주식회사 보통주, COSMAX BTI"
코스맥스엔비티,222040,음식료·담배,"코스맥스엔비티, COSMAX NBT, INC."
코스메카코리아,241710,화학,"코스메카코리아, COSMECCA KOREA CO.,LTD."
코스모신소재,005070,화학,"코스모신소재보통주, CosmoAM&T"
코스모화학,005420,화학,"코스모화학보통주, COSMOCHEMICALCO"
코스텍시스,355150,전기·전자,"코스텍시스, KOSTECSYS"
코아스,071950,기타제조,"코아스보통주, KOAS"
코아스템켐온,166480,제약,"코아스템켐온, CORESTEMCHEMON"
코아시아,045970,전기·전자,"코아시아, CoAsia Corporation"
코아시아씨엠,196450,의료·정밀기기,"코아시아씨엠, CoAsia CM"
코어라인소프트,384470,IT 서비스,"코어라인소프트, Coreline Soft Co., Ltd."
코오롱우,002025,기타금융,"코오롱1우선주, KOLON CORPORATION(1P)"
코오롱글로벌우,003075,건설,"코오롱글로벌1우선주, KolonGlobalCorporation(1P)"
코오롱글로벌,003070,건설,"코오롱글로벌보통주, KolonGlobalCorporation"
코오롱모빌리티그룹우,45014K,유통,"코오롱모빌리티그룹1우선주, KOLON MOBILITY GROUP(1P)"
코오롱모빌리티그룹,450140,유통,"코오롱모빌리티그룹보통주, KOLON MOBILITY GROUP"
코오롱,002020,기타금융,"코오롱보통주, KOLON CORPORATION"
코오롱생명과학,102940,제약,"코오롱생명과학, KOLON LIFE SCIENCE Inc."
코오롱ENP,138490,화학,"코오롱이앤피보통주, KOLON ENP, INC."
코오롱인더우,120115,화학,"코오롱인더스트리1우선주, KOLON INDUSTRIES(1P)"
코오롱인더,120110,화학,"코오롱인더스트리보통주, KOLON INDUSTRIES"
코오롱티슈진,950160,제약,"코오롱티슈진, Kolon TissueGene, Inc."
코웨이,021240,일반서비스,"코웨이보통주, COWAY"
코웰패션,033290,유통,"코웰패션, COWELL FASHION CO.,LTD"
코위버,056360,전기·전자,"코위버, COWEAVER Co.,Ltd."
코윈테크,282880,기계·장비,"코윈테크, COWINTECH Co., Ltd"
코이즈,121850,화학,"코이즈, KOYJ.CO.,LTD"
코츠테크놀로지,448710,전기·전자,"코츠테크놀로지, COTS Technology Co., Ltd."
코칩,126730,전기·전자,"코칩, KORCHIP CORPORATION"
코콤,015710,전기·전자,"코콤, KOCOM CO., LTD"
코텍,052330,전기·전자,"코텍, KORTEK CORPORATION"
코퍼스코리아,322780,오락·문화,"코퍼스코리아, COPUS KOREA Co., Ltd."
콘텐트리중앙,036420,오락·문화,"콘텐트리중앙보통주, ContentreeJoongAng corp."
콜마비앤에이치,200130,제약,"콜마비앤에이치, KolmarBNH Co., Ltd"
콜마홀딩스,024720,기타금융,"콜마홀딩스보통주, KOLMAR HOLDINGS"
쿠콘,294570,IT 서비스,"쿠콘, coocon Corporation"
쿠쿠홀딩스,192400,기타금융,"쿠쿠홀딩스보통주, Cuckoo Holdings Co.,Ltd"
쿠쿠홈시스,284740,일반서비스,"쿠쿠홈시스보통주, CUCKOO HOMESYS"
퀀타매트릭스,317690,의료·정밀기기,"퀀타매트릭스, QuantaMatrix Incorporated"
퀀텀온,227100,부동산,"퀀텀온, Quantumon"
퀄리타스반도체,432720,전기·전자,"퀄리타스반도체, QUALITAS SEMICONDUCTOR CO., LTD."
큐라클,365270,일반서비스,"큐라클, curacle co., ltd."
큐렉소,060280,유통,"큐렉소, CUREXO, INC."
큐로셀,372320,일반서비스,"큐로셀, Curocell Inc."
큐로홀딩스,051780,유통,"큐로홀딩스, CUROHOLDINGS Co., Ltd."
큐리언트,115180,일반서비스,"큐리언트, Qurient Co., Ltd."
큐리오시스,494120,의료·정밀기기,"큐리오시스, Curiosis Inc."
큐리옥스바이오시스템즈,445680,의료·정밀기기,"큐리옥스바이오시스템즈, Curiox Biosystems Co., Ltd."
큐브엔터,182360,오락·문화,"큐브엔터테인먼트, CUBE ENTERTAINMENT, INC."
큐알티,405100,일반서비스,"큐알티, Quality Reliability Technology Inc."
큐에스아이,066310,전기·전자,"큐에스아이, Q.S.I Co., Ltd."
큐캐피탈,016600,금융,"큐캐피탈파트너스, Q Capital Partners Co., Ltd."
크라우드웍스,355390,IT 서비스,"크라우드웍스, CrowdWorks, Inc."
크라운제과우,26490K,음식료·담배,"크라운제과1우선주, CROWN(1P)"
크라운제과,264900,음식료·담배,"크라운제과보통주, CROWN"
크라운해태홀딩스우,005745,기타금융,"크라운해태홀딩스1우선주, CROWNHAITAI Holdings(1P)"
크라운해태홀딩스,005740,기타금융,"크라운해태홀딩스보통주, CROWNHAITAI Holdings"
크래프톤,259960,IT 서비스,"크래프톤보통주, KRAFTON"
크레버스,096240,일반서비스,"크레버스, Creverse"
크레오에스지,040350,IT 서비스,"크레오에스지, CreoSG"
크리스에프앤씨,110790,섬유·의류,"크리스에프앤씨, CreaS F&C Co., Ltd."
크린앤사이언스,045520,기계·장비,"크린앤사이언스, Clean & Science Co., Ltd"
클래시스,214150,의료·정밀기기,"클래시스, CLASSYS Inc."
클로봇,466100,IT 서비스,"클로봇, CLOBOT Co., Ltd"
클리오,237880,화학,"클리오, CLIO Cosmetics Co., Ltd"
키네마스터,139670,IT 서비스,"키네마스터, KineMaster Corporation"
키다리스튜디오,020120,IT 서비스,"키다리스튜디오보통주, KidariStudio"
키스트론,475430,전기·전자,"키스트론, KISTRON Co., Ltd."
키움제10호스팩,487720,금융,"키움제10호기업인수목적, Kiwoom No.10 Special Purpose Acquisition Company"
키움제11호스팩,489480,금융,"키움제11호기업인수목적, Kiwoom No.11 Special Purpose Acquisition Company"
키움증권,039490,증권,"키움증권보통주, KIWOOM Securities"
키이스트,054780,오락·문화,"키이스트, KEYEAST Co., Ltd."
킵스파마,256940,제약,"킵스바이오파마, Keeps Biopharma"
타이거일렉,219130,전기·전자,"타이거일렉, TigerElec Co.,Ltd."
탑런토탈솔루션,336680,전기·전자,"탑런토탈솔루션, TOP RUN TOTAL SOLUTION CO.,LTD"
탑머티리얼,360070,전기·전자,"탑머티리얼, TOP MATERIAL Co.,Ltd"
탑엔지니어링,065130,기계·장비,"탑엔지니어링, Top Engineering Company Limited"
탑코미디어,134580,IT 서비스,"탑코미디어, Topco Media"
태경비케이,014580,비금속,"태경비케이보통주, TAEKYUNG BK"
태경산업,015890,화학,"태경산업보통주, TaekyungIndustrial"
태경케미컬,006890,화학,"태경케미컬보통주, TAEKYUNGCHEMICALCO.,LTD"
태광,023160,금속,"태광, T. K. CORPORATION"
태광산업,003240,화학,"태광산업보통주, TaekwangIndustrial"
태림포장,011280,종이·목재,"태림포장보통주, Tailim Packaging"
태성,323280,기계·장비,"태성, TAESUNG"
태양,053620,금속,"태양, TAEYANG Corporation"
태양금속우,004105,운송장비·부품,"태양금속공업1우선주, TaeyangMetalIndustrial(1P)"
태양금속,004100,운송장비·부품,"태양금속공업보통주, TaeyangMetalIndustrial"
태영건설,009410,건설,"태영건설보통주, TAEYOUNG ENGINEERING & CONSTRUCTION"
태영건설우,009415,건설,"태영건설우선주, TAEYOUNG ENGINEERING & CONSTRUCTION(1P)"
태웅,044490,금속,"태웅, TAEWOONG CO., LTD."
태웅로직스,124560,운송·창고,"태웅로직스, Taewoong Logistics Co., Ltd."
태원물산,001420,운송장비·부품,"태원물산보통주, TaewonMulsan"
테고사이언스,191420,제약,"테고사이언스, Tego Science, Inc."
테라사이언스,073640,금속,"테라사이언스, TERA SCIENCE Co.,LTD"
테라젠이텍스,066700,제약,"테라젠이텍스, THERAGEN ETEX CO.,LTD."
테스,095610,기계·장비,"테스, TES CO., LTD."
테이팩스,055490,화학,"테이팩스보통주, TAPEX"
테크엘,064520,전기·전자,"테크엘, TechL"
테크윙,089030,기계·장비,"테크윙, Techwing, Inc."
텔레칩스,054450,전기·전자,"텔레칩스, Telechips Inc."
텔코웨어,078000,IT 서비스,"텔코웨어 보통주, TELCOWARE"
텔콘RF제약,200230,제약,"텔콘알에프제약, TELCON RF PHARMACEUTICAL. Inc."
토니모리,214420,화학,"토니모리보통주, TONYMOLY Co., Ltd."
토마토시스템,393210,IT 서비스,"토마토시스템, TOMATOSYSTEM Co.,Ltd."
토모큐브,475960,의료·정밀기기,"토모큐브, Tomocube, Inc."
토박스코리아,215480,유통,"토박스코리아, TOEBOX KOREA, Ltd."
토비스,051360,전기·전자,"토비스, TOVIS Co., LTD"
토탈소프트,045340,IT 서비스,"토탈소프트뱅크, TOTAL SOFT BANK LTD."
톱텍,108230,기계·장비,"톱텍, TOPTEC COMPANY,LIMITED"
투비소프트,079970,IT 서비스,"투비소프트, TOBESOFT Co.,Ltd."
툴젠,199800,일반서비스,"툴젠, ToolGen Incorporated"
트루엔,417790,전기·전자,"트루엔, TRUEN Co., Ltd"
트윔,290090,IT 서비스,"트윔, TWIM Corp"
특수건설,026150,건설,"특수건설, TuksuConstruction"
티디에스팜,464280,제약,"티디에스팜, TDSPHARM Co., Ltd."
티로보틱스,117730,기계·장비,"티로보틱스, T-Robotics co., Ltd."
티비씨,033830,오락·문화,"티비씨, TBC"
티사이언티픽,057680,IT 서비스,"티사이언티픽, T Scientific Co.,Ltd"
티쓰리,204610,IT 서비스,"티쓰리엔터테인먼트, T3 Entertainment Inc."
티씨머티리얼즈,125020,전기·전자,"티씨머티리얼즈, TC Materials Co., Ltd."
티씨케이,064760,비금속,"티씨케이, TOKAI CARBON KOREA CO., LTD"
티앤알바이오팹,246710,제약,"티앤알바이오팹, T&R Biofab Co., Ltd"
티앤엘,340570,제약,"티앤엘, T&L Co., LTD."
티에스넥스젠,043220,기계·장비,"티에스넥스젠, TS Nexgen"
티에스아이,277880,기계·장비,"티에스아이, TSI Co., Ltd."
티에스이,131290,의료·정밀기기,"티에스이, TSE CO.,Ltd"
TS인베스트먼트,246690,금융,"티에스인베스트먼트, T.S.Investment Corporation"
TS트릴리온,317240,화학,"티에스트릴리온, TS Trillion Co., Ltd."
티에이치엔,019180,전기·전자,"티에이치엔보통주, THN CORPORATION"
티에프이,425420,전기·전자,"티에프이, TFE Co., Ltd."
티엑스알로보틱스,484810,기계·장비,"티엑스알로보틱스, TXR Robotics Co., Ltd."
티엔엔터테인먼트,131100,오락·문화,"티엔엔터테인먼트, TN entertainment"
티엘비,356860,전기·전자,"티엘비, TLB Co., Ltd."
TYM,002900,기계·장비,"티와이엠보통주, TYM CORPORATION"
티와이홀딩스우,36328K,기타금융,"티와이홀딩스1우선주, TY HOLDINGS(1P)"
티와이홀딩스,363280,기타금융,"티와이홀딩스보통주, TY HOLDINGS"
티움바이오,321550,일반서비스,"티움바이오, TiumBio Co., Ltd."
티웨이항공,091810,운송·창고,"티웨이항공보통주, TWAYAIR"
티웨이홀딩스,004870,비금속,"티웨이홀딩스보통주, T'way Holdings"
티이엠씨,425040,화학,"티이엠씨, TEMC Co., Ltd."
티이엠씨씨엔에스,241790,기계·장비,"티이엠씨씨엔에스, TEMC CNS"
TJ미디어,032540,전기·전자,"티제이미디어, TJ MEDIA CO.,LTD"
티케이지애강,022220,화학,"티케이지애강, TKG AIKANG"
TKG휴켐스,069260,화학,"티케이지휴켐스보통주, TKG Huchems"
티케이케미칼,104480,화학,"티케이케미칼, TK CHEMICAL CORPORATION"
티플랙스,081150,금속,"티플랙스, Tplex Co., Ltd."
TP,007980,섬유·의류,"티피보통주, TP"
티피씨글로벌,130740,운송장비·부품,"티피씨, TPC Co., Ltd."
TPC,048770,기계·장비,"티피씨메카트로닉스, TPC Mechatronics Corporation"
팅크웨어,084730,전기·전자,"팅크웨어, Thinkware Systems Corporation"
파두,440110,전기·전자,"파두, FADU INC."
파라다이스,034230,오락·문화,"파라다이스보통주, PARADISE"
파라택시스코리아,288330,제약,"파라택시스 코리아, PARATAXIS KOREA"
파라텍,033540,기계·장비,"파라텍, Paratech Company Limited"
파로스아이바이오,388870,일반서비스,"파로스아이바이오, Pharos iBio Co., Ltd."
파루,043200,전기·전자,"파루, PARU CO., LTD."
파마리서치,214450,제약,"파마리서치, PharmaResearch"
파멥신,208340,제약,"파멥신, PharmAbcine Inc."
파미셀,005690,제약,"파미셀보통주, Pharmicell"
파버나인,177830,전기·전자,"파버나인, PAVONINE CO., LTD."
파세코,037070,전기·전자,"파세코, PASECO CO.LTD"
파수,150900,IT 서비스,"파수, FASOO Co.,Ltd."
파워넷,037030,전기·전자,"파워넷, POWERNET TECHNOLOGIES CORPORATION"
파워로직스,047310,전기·전자,"파워로직스, POWER LOGICS"
파이버프로,368770,의료·정밀기기,"파이버프로, FIBERPRO"
파이오링크,170790,전기·전자,"파이오링크, Piolink, Inc."
파인디앤씨,049120,전기·전자,"파인디앤씨, FINE DNC CO.,LTD."
파인디지털,038950,전기·전자,"파인디지털, FINEDIGITAL Inc."
파인메딕스,387570,의료·정밀기기,"파인메딕스, Finemedix Co., Ltd."
파인엠텍,441270,전기·전자,"파인엠텍, Fine M-Tec Co.,Ltd."
파인테크닉스,106240,전기·전자,"파인테크닉스, FINE TECHNIX CO., LTD"
파인텍,131760,기계·장비,"파인텍, FINETEK CO., LTD."
파커스,065690,화학,"파커스, PAKERS CO., Ltd."
파크시스템스,140860,의료·정밀기기,"파크시스템스, Park Systems Corp."
파트론,091700,전기·전자,"파트론, PARTRON CO., LTD"
판타지오,032800,오락·문화,"판타지오, Fantagio Corp."
팜스빌,318010,음식료·담배,"팜스빌, Pharmsville Co., Ltd."
팜스코,036580,음식료·담배,"팜스코보통주, FARMSCO"
팜스토리,027710,음식료·담배,"팜스토리, FarmStory CO.,LTD."
팜젠사이언스,004720,제약,"팜젠사이언스보통주, PharmGen Science"
패션플랫폼,225590,섬유·의류,"패션플랫폼, Fashion Platform Co.,Ltd."
팬스타엔터프라이즈,054300,기계·장비,"팬스타엔터프라이즈, Panstar Enterprise Co., Ltd."
팬엔터테인먼트,068050,오락·문화,"팬엔터테인먼트, PAN ENTERTAINMENT CO., LTD."
팬오션,028670,운송·창고,"팬오션보통주, PanOcean"
팬젠,222110,제약,"팬젠, Pangen Biotech Inc."
팸텍,271830,기계·장비,"팸텍, PAMTEK CO., LTD."
퍼스텍,010820,금속,"퍼스텍보통주, FIRSTEC"
퍼시스,016800,기타제조,"퍼시스보통주, Fursys"
펄어비스,263750,IT 서비스,"펄어비스, PearlAbyss Corp."
펌텍코리아,251970,화학,"펌텍코리아, PUM-TECH KOREA CO., LTD."
페이퍼코리아,001020,종이·목재,"페이퍼코리아보통주, PaperCorea Inc."
펨트론,168360,기계·장비,"펨트론, PEMTRON Corporation"
펩트론,087010,제약,"펩트론, Peptron, Inc."
평화산업,090080,운송장비·부품,"평화산업 주식회사 보통주, Pyung Hwa Industrial Co., Ltd."
평화홀딩스,010770,운송장비·부품,"평화홀딩스보통주, Pyung Hwa Holdings"
포니링크,064800,유통,"포니링크, PonyLink"
포메탈,119500,금속,"포메탈, FORMETAL CO., LTD"
포바이포,389140,오락·문화,"포바이포, 4by4 Inc."
포스뱅크,105760,기계·장비,"포스뱅크, POSBANK CO., LTD."
포스코DX,022100,일반서비스,"포스코DX보통주, POSCO DX"
포스코스틸리온,058430,금속,"포스코스틸리온보통주, POSCO STEELEON"
포스코인터내셔널,047050,유통,"포스코인터내셔널보통주, POSCO INTERNATIONAL"
포스코퓨처엠,003670,전기·전자,"포스코퓨처엠보통주, POSCO FUTURE M"
POSCO홀딩스,005490,금속,"포스코홀딩스보통주, POSCO Holdings Inc."
포시에스,189690,IT 서비스,"포시에스, FORCS Co., Ltd."
포인트모바일,318020,전기·전자,"포인트모바일, POINT MOBILE Co., Ltd."
포인트엔지니어링,256630,금속,"포인트엔지니어링, POINT ENGINEERING Co., Ltd."
포커스에이아이,331380,전기·전자,"포커스에이아이, FOCUS AI"
포톤,208710,전기·전자,"포톤, PHOTON"
폰드그룹,472850,유통,"폰드그룹, POND GROUP CO., LTD."
폴라리스세원,234100,운송장비·부품,"폴라리스세원, Sewon"
폴라리스AI,039980,IT 서비스,"폴라리스에이아이, Polaris AI"
폴라리스AI파마,041910,제약,"폴라리스에이아이파마, Polaris AI Pharma"
폴라리스오피스,041020,IT 서비스,"폴라리스오피스, Polaris Office"
폴라리스우노,114630,화학,"폴라리스우노, POLARIS UNO"
푸드나무,290720,유통,"푸드나무, FOODNAMOO, INC."
푸드웰,005670,음식료·담배,"푸드웰, FOODWELL CORPORATION"
푸른기술,094940,전기·전자,"푸른기술, PULOON TECHNOLOGY INC."
푸른소나무,057880,기타,"푸른소나무, Green pine tree"
푸른저축은행,007330,금융,"푸른저축은행, PUREUN SAVINGS BANK"
풀무원,017810,음식료·담배,"풀무원보통주, Pulmuone Corporate"
풍강,093380,금속,"풍강, PUNGKANG CO.,LTD"
풍국주정,023900,음식료·담배,"풍국주정공업, Pungguk Ethanol"
풍산,103140,금속,"풍산 보통주, POONGSAN CORPORATION"
풍산홀딩스,005810,기타금융,"풍산홀딩스보통주, POONGSAN HOLDINGS"
풍원정밀,371950,전기·전자,"풍원정밀, POONGWON PRECISION Co.,Ltd."
퓨런티어,370090,의료·정밀기기,"퓨런티어, Furonteer Inc."
퓨릿,445180,화학,"퓨릿, Purit Co., Ltd."
퓨처코어,151910,전기·전자,"퓨처코어, FutureCore"
퓨쳐켐,220100,제약,"퓨쳐켐, FutureChem Co., Ltd."
프럼파스트,035200,화학,"프럼파스트, PLUMB FAST CO., LTD."
프레스티지바이오로직스,334970,제약,"프레스티지바이오로직스, Prestige Biologics Co., Ltd."
프레스티지바이오파마,950210,일반서비스,"프레스티지바이오파마KDR, PRESTIGE BIOPHARMA LIMITED KDR"
프로이천,321260,전기·전자,"프로이천, PRO2000"
프로텍,053610,기계·장비,"프로텍, PROTEC Co., Ltd."
프로티나,468530,일반서비스,"프로티나, PROTEINA CO., LTD."
프로티아,303360,의료·정밀기기,"프로티아, PROTIA"
프롬바이오,377220,음식료·담배,"프롬바이오, From Bio Co., Ltd."
프리시젼바이오,335810,의료·정밀기기,"프리시젼바이오, Precision Biosensor Inc."
프리엠스,053160,전기·전자,"프리엠스, FreeMs Corporation"
플라즈맵,405000,의료·정밀기기,"플라즈맵, Plasmapp Co., Ltd."
플래스크,041590,건설,"플래스크, Flask"
플래티어,367000,IT 서비스,"플래티어, Plateer Co., Ltd."
플랜티넷,075130,IT 서비스,"플랜티넷, PLANTYNET Co., Ltd."
플레이그램,009810,유통,"플레이그램보통주, Playgram"
플레이디,237820,일반서비스,"플레이디, PlayD Co., Ltd."
플레이위드,023770,IT 서비스,"플레이위드코리아, PLAYWITH KOREA"
플루토스,019570,금융,"플루토스투자, Plutus Investment"
플리토,300080,IT 서비스,"플리토, FLITTO Inc."
피노,033790,전기·전자,"피노, FINO INC."
피델릭스,032580,전기·전자,"피델릭스, Fidelix Co., Ltd."
피씨디렉트,051380,유통,"피씨디렉트, PC Direct, Inc."
피씨엘,241820,제약,"피씨엘, PCL. Inc"
피아이이,452450,기계·장비,"피아이이, PIE CO., LTD."
PI첨단소재,178920,화학,"피아이첨단소재보통주, PI Advanced Materials Co., Ltd."
피앤씨테크,237750,전기·전자,"피앤씨테크, PNC Technologies Co., Ltd."
피앤에스로보틱스,460940,의료·정밀기기,"피앤에스로보틱스, P&S Robotics"
PS일렉트로닉스,332570,전기·전자,"피에스일렉트로닉스, Pentastone Electronics"
피에스케이,319660,기계·장비,"피에스케이, PSK INC."
피에스케이홀딩스,031980,기계·장비,"피에스케이홀딩스, PSK HOLDINGS INC."
피에스텍,002230,의료·정밀기기,"피에스텍, PSTEC"
피에이치에이,043370,운송장비·부품,"피에이치에이, PHA"
피엔에이치테크,239890,화학,"피엔에이치테크, P&H TECH Co., Ltd."
피엔케이피부임상연구센타,347740,일반서비스,"피엔케이피부임상연구센타, P&K Skin Research Center Co.,Ltd."
피엔티,137400,기계·장비,"피엔티, People & Technology, Inc."
피엔티엠에스,257370,기계·장비,"피엔티엠에스, People & Technology Ms, Inc."
PN풍년,024940,유통,"피엔풍년, PNPOONGNYUN CO.,LTD"
피엠티,147760,의료·정밀기기,"피엠티, Protec Mems Technology"
피제이메탈,128660,금속,"피제이메탈, PJ METAL CO., LTD."
피제이전자,006140,의료·정밀기기,"피제이전자, PJ ELECTRONICS CO., LTD."
PKC,001340,화학,"피케이씨보통주, PKC"
피코그램,376180,기타제조,"피코그램, Picogram Co.,Ltd."
피플바이오,304840,제약,"피플바이오, PeopleBio, Inc."
픽셀플러스,087600,전기·전자,"픽셀플러스, Pixelplus. Co., Ltd."
핀텔,291810,IT 서비스,"핀텔, Pintel Co., Ltd."
필에너지,378340,기계·장비,"필에너지, PHILENERGY CO., LTD."
필옵틱스,161580,기계·장비,"필옵틱스, PHILOPTICS CO., LTD."
핌스,347770,전기·전자,"핌스, PIMS Inc."
핑거,163730,IT 서비스,"핑거, Finger Inc."
핑거스토리,417180,IT 서비스,"핑거스토리, Finger Story CO., LTD."
하나29호스팩,454640,금융,"하나29호기업인수목적, Hana 29 Special Purpose Acquisition Company"
하나30호스팩,469880,금융,"하나30호기업인수목적, Hana 30 Special Purpose Acquisition Company"
하나31호스팩,469900,금융,"하나31호기업인수목적, Hana 31 Special Purpose Acquisition Company"
하나32호스팩,475240,금융,"하나32호기업인수목적, Hana 32 Special Purpose Acquisition Company"
하나33호스팩,475250,금융,"하나33호기업인수목적, Hana 33 Special Purpose Acquisition Company"
하나34호스팩,484130,금융,"하나34호기업인수목적, Hana Thirty-four Special Purpose Acquisition Company"
하나35호스팩,0041L0,금융,"하나35호기업인수목적, Hana 35 Special Purpose Acquisition Company"
하나금융지주,086790,기타금융,"하나금융지주보통주, HanaFinancialGroupInc."
하나기술,299030,기계·장비,"하나기술, HANA TECHNOLOGY CO.,LTD."
하나마이크론,067310,전기·전자,"하나마이크론, Hana Micron Inc."
하나머티리얼즈,166090,전기·전자,"하나머티리얼즈, Hana Materials Inc."
하나제약,293480,제약,"하나제약보통주, Hana Pharm"
하나투어,039130,일반서비스,"하나투어보통주, HANATOUR SERVICE"
하림,136480,음식료·담배,"하림, HARIM Co., Ltd."
하림지주,003380,금융,"하림지주, Harim Holdings Co., Ltd."
하스,450330,제약,"하스, HASS Corp."
하이드로리튬,101670,금속,"하이드로리튬, Hydro Lithium"
하이딥,365590,전기·전자,"하이딥, HiDeep"
하이로닉,149980,의료·정밀기기,"하이로닉, Hironic Co.,Ltd"
하이록코리아,013030,금속,"하이록코리아, HY-LOK CORPORATION"
하이브,352820,오락·문화,"하이브보통주, HYBE"
하이비젼시스템,126700,의료·정밀기기,"하이비젼시스템, HyVISION SYSTEM.INC"
하이스틸,071090,금속,"하이스틸 보통주, HISTEEL CO., LTD."
하이제8호스팩,450050,금융,"하이제8호기업인수목적, HI Special Purpose Acquisition Company VIII"
하이젠알앤엠,160190,전기·전자,"하이젠알앤엠, HIGEN RNM Co., Ltd"
하이즈항공,221840,운송장비·부품,"하이즈항공, HIZEAERO Co.,Ltd."
하이텍팜,106190,제약,"하이텍팜, HIGH TECH PHARM CO., LTD."
하이트진로2우B,000087,음식료·담배,"하이트진로2우선주(신형), HITEJINRO(2PB)"
하이트진로,000080,음식료·담배,"하이트진로보통주, HITEJINRO"
하이트진로홀딩스우,000145,기타금융,"하이트진로홀딩스1우선주, HITEJINROHOLDINGS(1P)"
하이트진로홀딩스,000140,기타금융,"하이트진로홀딩스보통주, HITEJINROHOLDINGS"
하이퍼코퍼레이션,065650,유통,"하이퍼코퍼레이션, Hyper Corporation"
하츠,066130,전기·전자,"하츠, HAATZ Inc."
한국가구,004590,유통,"한국가구, KoreaFurniture"
한국가스공사,036460,전기·가스,"한국가스공사보통주, KoreaGasCorporation"
한국경제TV,039340,오락·문화,"한국경제티브이, The Korea Economic Broadcasting"
한국공항,005430,운송·창고,"한국공항보통주, KoreaAirportService"
한국기업평가,034950,일반서비스,"한국기업평가, Korea Ratings Corporation"
한국내화,010040,비금속,"한국내화보통주, KOREAREFRACTORIES"
한국단자,025540,전기·전자,"한국단자공업보통주, KoreaElectricTerminal"
한국맥널티,222980,음식료·담배,"한국맥널티, Mcnulty Korea Co., Ltd"
한국무브넥스,010100,운송장비·부품,"한국무브넥스보통주, KOREA MOVENEX CO., LTD."
한국비엔씨,256840,제약,"한국비엔씨, BNC Korea Co, Ltd"
한국비티비,219750,의료·정밀기기,"한국비티비, BTB Korea"
한국석유,004090,비금속,"한국석유공업보통주, KOREA PETROLEUM INDUSTRIES"
한국선재,025550,금속,"한국선재, HANKUK STEEL WIRE CO., LTD."
한국수출포장,002200,종이·목재,"한국수출포장공업보통주, KoreaExportPackagingIndustrial"
한국쉘석유,002960,화학,"한국쉘석유보통주, HankookShellOil"
한국알콜,017890,화학,"한국알콜산업, KoreaAlcoholIndustrial"
한국앤컴퍼니,000240,기타금융,"한국앤컴퍼니보통주, HANKOOK & COMPANY"
유나이티드제약,033270,제약,"한국유나이티드제약 보통주, Korea United Pharm. Inc."
한국유니온제약,080720,제약,"한국유니온제약, UNION KOREA PHARM CO.,Ltd"
한국자산신탁,123890,기타금융,"한국자산신탁보통주, KAIT"
한국전력,015760,전기·가스,"한국전력공사보통주, KoreaElectricPower"
한전기술,052690,일반서비스,"한국전력기술 보통주, KEPCO Engineering & Construction"
한국전자인증,041460,IT 서비스,"한국전자인증, Korea Electronic Certification Authority Inc."
한국전자홀딩스,006200,기타금융,"한국전자홀딩스보통주, KEC HOLDINGS"
한국정밀기계,101680,기계·장비,"한국정밀기계, HNK MACHINE TOOL CO.,LTD."
한국정보공학,039740,유통,"한국정보공학, Korea Information Engineering Services"
한국정보인증,053300,IT 서비스,"한국정보인증, KOREA INFORMATION CERTIFICATE AUTHORITY, INCORPORATED"
한국정보통신,025770,통신,"한국정보통신, KoreaInformation&Communication"
한국제12호스팩,458610,금융,"한국제12호기업인수목적, Korea No.12 Special Purpose Acquisition Co., LTD."
한국제13호스팩,464440,금융,"한국제13호기업인수목적, Korea No.13 Special Purpose Acquisition Co., LTD."
한국제15호스팩,479880,금융,"한국제15호기업인수목적, Korea No.15 Special Purpose Acquisition Co., LTD."
한국제지,027970,종이·목재,"한국제지보통주, Hankuk Paper MFG."
한국종합기술,023350,일반서비스,"한국종합기술보통주, Korea Engineering Consultants Corp."
한국주강,025890,기계·장비,"한국주강보통주, HankookSteel"
한국주철관,000970,금속,"한국주철관공업보통주, KoreaCastIronPipeInd"
한국철강,104700,금속,"한국철강보통주, KISCO Corp."
한국첨단소재,062970,전기·전자,"한국첨단소재, KOREA ADVANCED MATERIALS"
한국카본,017960,금속,"한국카본보통주, HankukCarbon"
한국캐피탈,023760,금융,"한국캐피탈, Han Kook Capital Co., Ltd."
한국컴퓨터,054040,전기·전자,"한국컴퓨터, KOREA COMPUTER INC."
한국콜마,161890,화학,"한국콜마보통주, KOLMAR KOREA"
한국큐빅,021650,화학,"한국큐빅, CUBIC KOREA INC."
한국타이어앤테크놀로지,161390,화학,"한국타이어앤테크놀로지보통주, HANKOOK TIRE & TECHNOLOGY"
한국토지신탁,034830,기타금융,"한국토지신탁보통주, KOREIT"
한국ANKOR유전,152550,기타금융,"한국투자ANKOR유전해외자원개발특별자산투자회사1호(지분증권), KIM ANKOR Oilfield Overseas Resources Development Fund[1]"
한국금융지주우,071055,기타금융,"한국투자금융지주1우선주, KOREA INVESTMENT HOLDINGS(1P)"
한국금융지주,071050,기타금융,"한국투자금융지주보통주, KOREA INVESTMENT HOLDINGS"
한국특강,007280,금속,"한국특강보통주, KOREA STEEL"
한국파마,032300,제약,"한국파마, KOREA PHARMA Co., Ltd."
한국팩키지,037230,종이·목재,"한국팩키지, HANKUK PACKAGE CO., LTD."
한국피아이엠,448900,운송장비·부품,"한국피아이엠, PIM KOREA Co.,Ltd."
한국항공우주,047810,운송장비·부품,"한국항공우주산업보통주, KOREA AEROSPACE INDUSTRIES"
한국화장품,123690,유통,"한국화장품보통주, HANKOOKCOSMETICS"
한국화장품제조,003350,화학,"한국화장품제조보통주, HankookCosmeticsManufacturing"
한글과컴퓨터,030520,IT 서비스,"한글과컴퓨터, HANCOM INC."
한네트,052600,통신,"한네트, HANNET CO., LTD."
한농화성,011500,화학,"한농화성보통주, HANNONGCHEMICALSINC."
한독,002390,제약,"한독보통주, HANDOK Inc."
한독크린텍,256150,기계·장비,"한독크린텍, Handok Clean Tech Co., Ltd."
한라IMS,092460,운송장비·부품,"한라아이엠에스, HANLA IMS Co., LTD"
한라캐스트,125490,운송장비·부품,"한라캐스트, HALLACAST Co.,Ltd"
한미글로벌,053690,일반서비스,"한미글로벌건축사사무소보통주, HanmiGlobal Co., Ltd"
한미반도체,042700,기계·장비,"한미반도체보통주, HANMISemiconductorCO.,Ltd."
한미사이언스,008930,기타금융,"한미사이언스보통주, Hanmi Science"
한미약품,128940,제약,"한미약품보통주, HanmiPharm"
한빛레이저,452190,기계·장비,"한빛레이저, HBL Corporation"
한빛소프트,047080,IT 서비스,"한빛소프트, HANBIT SOFT Inc."
한샘,009240,유통,"한샘보통주, HANSSEM CO.,LTD."
한선엔지니어링,452280,금속,"한선엔지니어링, HANSUN ENGINEERING CO., LTD."
한섬,020000,섬유·의류,"한섬보통주, HandsomeCorporation"
한성기업,003680,음식료·담배,"한성기업보통주, HansungEnterprise"
한성크린텍,066980,일반서비스,"한성크린텍, HANSUNG CLEANTECH"
한세실업,105630,섬유·의류,"한세실업보통주, HANSAE"
한세엠케이,069640,유통,"한세엠케이보통주, HANSAEMK"
한세예스24홀딩스,016450,섬유·의류,"한세예스24홀딩스보통주, HansaeYes24Holdings"
한솔로지스틱스,009180,운송·창고,"한솔로지스틱스보통주, Hansol Logistics"
한솔아이원스,114810,기계·장비,"한솔아이원스, Hansol IONES"
한솔인티큐브,070590,IT 서비스,"한솔인티큐브, Hansol Inticube Co., Ltd."
한솔제지,213500,종이·목재,"한솔제지보통주, Hansol Paper Co., Ltd."
한솔케미칼,014680,화학,"한솔케미칼보통주, HansolChemical"
한솔테크닉스,004710,전기·전자,"한솔테크닉스보통주, HansolTechnics"
한솔홀딩스,004150,기타금융,"한솔홀딩스보통주, Hansol Holdings"
한솔홈데코,025750,종이·목재,"한솔홈데코보통주, HansolHomeDeco"
한스바이오메드,042520,제약,"한스바이오메드, HANS BIOMED CORPORATION"
한신공영,004960,건설,"한신공영보통주, HanshinConstruction"
한신기계,011700,기계·장비,"한신기계공업보통주, HanshinMachinery"
한싹,430690,IT 서비스,"한싹, Hanssak Co., Ltd."
한양디지텍,078350,전기·전자,"한양디지텍, HANYANG DIGITECH CO.,LTD."
한양이엔지,045100,일반서비스,"한양이엔지, HANYANG ENG CO.,LTD."
한양증권우,001755,증권,"한양증권1우선주, HanyangSecurities(1P)"
한양증권,001750,증권,"한양증권보통주, HanyangSecurities"
한온시스템,018880,기계·장비,"한온시스템보통주, Hanon Systems"
한올바이오파마,009420,제약,"한올바이오파마보통주, HANALL BIOPHARMA CO.,LTD"
한울반도체,320000,기계·장비,"한울반도체, HanWool Semiconductor"
한울소재과학,091440,전기·전자,"한울소재과학, HanWool Materials Science, Inc."
한울앤제주,276730,음식료·담배,"한울앤제주, HanWool & Jeju"
한익스프레스,014130,운송·창고,"한익스프레스보통주, HanExpress"
한일단조,024740,운송장비·부품,"한일단조공업, HanilForgingIndustrial"
한일사료,005860,음식료·담배,"한일사료, HANIL FEED Co.Ltd"
한일시멘트,300720,비금속,"한일시멘트보통주, HANILCEMENT"
한일철강,002220,금속,"한일철강보통주, HanilIron&Steel"
한일현대시멘트,006390,비금속,"한일현대시멘트보통주, HANIL HYUNDAI CEMENT"
한일홀딩스,003300,비금속,"한일홀딩스보통주, HANILHOLDINGS"
한일화학,007770,화학,"한일화학공업, HANIL CHEMICAL IND. CO., LTD"
한전KPS,051600,건설,"한전KPS 보통주, KEPCO Plant Service & Engineering"
한전산업,130660,일반서비스,"한전산업개발보통주, Korea Electric Power Industrial Development"
한주라이트메탈,198940,금속,"한주라이트메탈, HANJOO LIGHT METAL CO., LTD."
한주에이알티,058450,오락·문화,"한주에이알티, HANJOO ART"
한중엔시에스,107640,전기·전자,"한중엔시에스, HanJungNCS.Co.,Ltd"
한진,002320,운송·창고,"한진보통주, HANJIN Logistics Corporation"
한진중공업홀딩스,003480,전기·가스,"한진중공업홀딩스보통주, HanjinHeavyInd&ConstHoldings"
한진칼우,18064K,기타금융,"한진칼1우선주, HANJINKAL(1P)"
한진칼,180640,기타금융,"한진칼보통주, HANJINKAL"
한창,005110,유통,"한창보통주, Hanchang"
한창산업,079170,금속,"한창산업, Hanchang Industry Co., Ltd."
한창제지,009460,종이·목재,"한창제지보통주, HanchangPaper"
한컴라이프케어,372910,의료·정밀기기,"한컴라이프케어보통주, Hancom Lifecare"
한컴위드,054920,IT 서비스,"한컴위드, Hancom WITH"
한켐,457370,화학,"한켐, HANCHEM CO.,LTD"
한탑,002680,음식료·담배,"한탑, Hantop Inc."
한텍,098070,기계·장비,"한텍, HANTECH LTD."
한화3우B,00088K,화학,"한화3우선주(신형), HANWHA(3PB)"
한화갤러리아우,45226K,유통,"한화갤러리아1우선주, HANWHA GALLERIA(1P)"
한화갤러리아,452260,유통,"한화갤러리아보통주, HANWHA GALLERIA"
한화리츠,451800,부동산,"한화리츠보통주, Hanwha REIT"
한화,000880,화학,"한화보통주, Hanwha"
한화비전,489790,전기·전자,"한화비전보통주, Hanwha Vision"
한화생명,088350,보험,"한화생명보험보통주, HANWHA LIFE INSURANCE"
한화손해보험,000370,보험,"한화손해보험보통주, Hanwha General Insurance Co.,Ltd."
한화솔루션우,009835,화학,"한화솔루션1우선주, HANWHA SOLUTIONS(1P)"
한화솔루션,009830,화학,"한화솔루션보통주, HANWHA SOLUTIONS"
한화시스템,272210,전기·전자,"한화시스템보통주, HANWHA SYSTEMS"
한화에어로스페이스,012450,운송장비·부품,"한화에어로스페이스보통주, HANWHA AEROSPACE"
한화엔진,082740,기계·장비,"한화엔진보통주, Hanwha Engine"
한화오션,042660,운송장비·부품,"한화오션보통주, Hanwha Ocean"
한화투자증권우,003535,증권,"한화투자증권1우선주, HANWHA INVESTMENT & SECURITIES(1P)"
한화투자증권,003530,증권,"한화투자증권보통주, HANWHA INVESTMENT & SECURITIES"
한화플러스제4호스팩,455310,금융,"한화플러스제4호기업인수목적, Hanwha Plus No 4 Special Purpose Acquisition Company"
한화플러스제5호스팩,498390,금융,"한화플러스제5호기업인수목적, Hanwha Plus No 5 Special Purpose Acquisition Company"
해성디에스,195870,전기·전자,"해성디에스보통주, HAESUNG DS"
해성산업,034810,금융,"해성산업, Haesung Industrial Co., Ltd."
해성산업1우,03481K,금융,"해성산업1우선주, Haesung Industrial Co., Ltd.(1P)"
해성에어로보틱스,059270,금속,"해성에어로보틱스, Haisung Aero-Robotics"
해성옵틱스,076610,의료·정밀기기,"해성옵틱스, Haesung Optics Co.,Ltd"
해태제과식품,101530,음식료·담배,"해태제과식품주식회사, Haitai Confectionery and Foods Co., Ltd."
핸디소프트,220180,IT 서비스,"핸디소프트, HANDYSOFT, Inc."
핸즈코퍼레이션,143210,운송장비·부품,"핸즈코퍼레이션보통주, HANDS CORPORATION"
헝셩그룹,900270,금융,"헝셩그룹유한회사, HENG SHENG GROUP COMPANY LIMITED"
헥토이노베이션,214180,IT 서비스,"헥토이노베이션, Hecto Innovation"
헥토파이낸셜,234340,IT 서비스,"헥토파이낸셜, Hecto Financial"
헬릭스미스,084990,일반서비스,"헬릭스미스, Helixmith Co., Ltd"
현대건설우,000725,건설,"현대건설1우선주, HyundaiEngineering&Construction(1P)"
현대건설,000720,건설,"현대건설보통주, HyundaiEngineering&Construction"
현대공업,170030,운송장비·부품,"현대공업, HYUNDAI INDUSTRIAL CO.,LTD"
현대그린푸드,453340,유통,"현대그린푸드보통주, HYUNDAI GREEN FOOD"
현대글로비스,086280,운송·창고,"현대글로비스보통주, HYUNDAIGLOVIS Co.,LTD"
현대로템,064350,운송장비·부품,"현대로템보통주, HYUNDAI ROTEM"
현대리바트,079430,기타제조,"현대리바트보통주, HYUNDAILIVART"
현대모비스,012330,운송장비·부품,"현대모비스보통주, HyundaiMobis"
현대무벡스,319400,기계·장비,"현대무벡스, HYUNDAI MOVEX"
현대바이오랜드,052260,화학,"현대바이오랜드, HYUNDAI BIOLAND Co.,Ltd."
현대바이오,048410,화학,"현대바이오사이언스, HYUNDAI BIOSCIENCE CO., LTD."
현대백화점,069960,유통,"현대백화점보통주, HYUNDAIDEPARTMENTSTORECO.,LTD"
현대비앤지스틸,004560,금속,"현대비앤지스틸보통주, HYUNDAI BNG STEEL"
현대사료,016790,음식료·담배,"현대사료, HYUNDAI FEED"
현대약품,004310,제약,"현대약품보통주, Hyundai pharm"
현대에버다임,041440,기계·장비,"현대에버다임, HYUNDAI EVERDIGM"
현대ADM,187660,일반서비스,"현대에이디엠바이오, Hyundai ADM Bio"
현대에이치티,039010,전기·전자,"현대에이치티, HYUNDAI HT"
현대엘리베이터,017800,기계·장비,"현대엘리베이터보통주, Hyundai Elevator"
현대오토에버,307950,IT 서비스,"현대오토에버보통주, HyundaiAutoever"
현대위아,011210,운송장비·부품,"현대위아보통주, HYUNDAI WIA"
현대이지웰,090850,IT 서비스,"현대이지웰, HYUNDAI EZWEL"
현대차우,005385,운송장비·부품,"현대자동차1우선주, HyundaiMotor(1P)"
현대차2우B,005387,운송장비·부품,"현대자동차2우선주(신형), HyundaiMotor(2PB)"
현대차3우B,005389,운송장비·부품,"현대자동차3우선주(신형), HyundaiMotor(3PB)"
현대차,005380,운송장비·부품,"현대자동차보통주, HyundaiMotor"
현대제철,004020,금속,"현대제철 보통주, HYUNDAI STEEL"
현대지에프홀딩스,005440,기타금융,"현대지에프홀딩스보통주, HYUNDAI G.F. HOLDINGS"
현대차증권,001500,증권,"현대차증권보통주, HYUNDAI MOTOR SECURITIES"
현대코퍼레이션,011760,유통,"현대코퍼레이션보통주, HYUNDAI CORPORATION"
현대코퍼레이션홀딩스,227840,유통,"현대코퍼레이션홀딩스보통주, HYUNDAI CORPORATION HOLDINGS"
현대퓨처넷,126560,통신,"현대퓨처넷보통주, Hyundai Futurenet"
현대해상,001450,보험,"현대해상화재보험보통주, Hyundai MARINE & FIRE INSURANCE CO.,LTD"
현대홈쇼핑,057050,유통,"현대홈쇼핑보통주, HYUNDAI HOME SHOPPING NETWORK CORPORATION"
현대힘스,460930,운송장비·부품,"현대힘스, HYUNDAI HYMS CO., LTD."
현우산업,092300,전기·전자,"현우산업, HYUNWOO INDUSTRIAL CO.,LTD"
협진,138360,기계·장비,"협진, Hyupjin"
형지글로벌,308100,유통,"형지글로벌, Hyungji Global"
형지I&C,011080,섬유·의류,"형지아이앤씨, HYUNGJI Innovation and Creative Company Limited"
형지엘리트,093240,섬유·의류,"형지엘리트보통주, HYUNGJI ELITE"
혜인,003010,유통,"혜인보통주, HaeinCorporation"
호전실업,111110,섬유·의류,"호전실업보통주, Hojeon"
호텔신라우,008775,유통,"호텔신라1우선주, HotelShilla(1P)"
호텔신라,008770,유통,"호텔신라보통주, HotelShilla"
홈캐스트,064240,유통,"홈캐스트, homecast CO., LTD."
화성밸브,039610,기계·장비,"화성밸브, HS VALVE CO., LTD"
화승알앤에이,378850,운송장비·부품,"화승알앤에이보통주, HWASEUNG R&A CO., LTD."
화승엔터프라이즈,241590,섬유·의류,"화승엔터프라이즈보통주, HWASEUNG ENTERPRISE"
화승인더,006060,유통,"화승인더스트리보통주, HSIndustries"
화승코퍼레이션,013520,운송장비·부품,"화승코퍼레이션보통주, Hwaseung Corporation"
화신,010690,운송장비·부품,"화신보통주, Hwashin"
화신정공,126640,운송장비·부품,"화신정공, HWASHIN PRECISION CO., LTD."
화인베스틸,133820,금속,"화인베스틸보통주, FINEBESTEEL"
화인써키트,127980,전기·전자,"화인써키트, Finecircuit CO.,LTD."
화일약품,061250,제약,"화일약품, HWAIL PHARM. CO., LTD"
화천기계,010660,기계·장비,"화천기계보통주, HWACHEON MACHINERY"
화천기공,000850,기계·장비,"화천기공보통주, HwacheonMachineTool"
환인제약,016580,제약,"환인제약보통주, WhaninPharm"
황금에스티,032560,금속,"황금에스티보통주, Hwang Kum Steel & Technology"
효성,004800,기타금융,"효성보통주, Hyosung"
효성ITX,094280,일반서비스,"효성아이티엑스 보통주, HYOSUNG ITX Co., Ltd."
효성오앤비,097870,화학,"효성오앤비, Hyosung ONB Co., Ltd"
효성중공업,298040,전기·전자,"효성중공업보통주, HYOSUNG HEAVY INDUSTRIES"
효성티앤씨,298020,화학,"효성티앤씨보통주, HYOSUNG TNC"
효성화학,298000,화학,"효성화학보통주, HYOSUNG CHEMICAL"
후성,093370,화학,"후성 보통주, FOOSUNG CO.,LTD"
휴네시온,290270,IT 서비스,"휴네시온, Hunesion co.,ltd"
휴니드,005870,전기·전자,"휴니드테크놀러지스보통주, HuneedTechnologies"
휴럼,353190,음식료·담배,"휴럼, Hurum Co., Ltd."
휴림로봇,090710,기계·장비,"휴림로봇, Hyulim ROBOT Co.,Ltd."
휴림에이텍,078590,운송장비·부품,"휴림에이텍, HYULIM A-TECH"
휴마시스,205470,제약,"휴마시스, HUMASIS CO., LTD."
휴맥스,115160,전기·전자,"휴맥스, HUMAX CO., LTD."
휴맥스홀딩스,028080,IT 서비스,"휴맥스홀딩스, Humax Holdings Co., Ltd"
휴먼테크놀로지,175140,전기·전자,"휴먼테크놀로지, HUMAN TECHNOLOGY"
휴메딕스,200670,제약,"휴메딕스, Humedix Co., Ltd."
휴비스,079980,화학,"휴비스보통주, HUVIS"
휴비츠,065510,의료·정밀기기,"휴비츠, Huvitz Co., Ltd."
휴스틸,005010,금속,"휴스틸보통주, HUSTEEL"
휴엠앤씨,263920,기타제조,"휴엠앤씨, HuM&C"
휴온스,243070,제약,"휴온스, Huons Co., Ltd."
휴온스글로벌,084110,제약,"휴온스글로벌, Huons Global Co., Ltd."
휴젤,145020,제약,"휴젤, Hugel, Inc."
흥구석유,024060,유통,"흥구석유, HeunguOil"
흥국,010240,기계·장비,"흥국, HEUNGKUK METALTECH CO.,LTD."
흥국에프엔비,189980,음식료·담배,"흥국에프엔비, HYUNGKUK F&B Co., Ltd"
흥국화재우,000545,보험,"흥국화재해상보험1우선주, HeungkukFire&MarineIns(1P)"
흥국화재,000540,보험,"흥국화재해상보험보통주, HeungkukFire&MarineInsurance"
흥아해운,003280,운송·창고,"흥아해운보통주, HeungaShipping"
희림,037440,일반서비스,"희림종합건축사사무소, Heerim Architects & Planners"
힘스,238490,기계·장비,"힘스, HIMS CO., LTD."
